-- ============================================================================
-- SeleEvent — Comprehensive Seed Data
-- Sheila On 7 Concert Tour (Jakarta + Bandung)
-- ============================================================================
-- Generated by generate_seed.py
-- Run AFTER schema.sql has been applied.
-- ============================================================================

-- ─── Clean existing data (respect FK order) ──────────────────────────────────
DELETE FROM audit_logs;
DELETE FROM notifications;
DELETE FROM gate_logs;
DELETE FROM redemptions;
DELETE FROM gate_staff;
DELETE FROM counter_staff;
DELETE FROM tickets;
DELETE FROM order_items;
DELETE FROM orders;
DELETE FROM seats;
DELETE FROM wristband_inventories;
DELETE FROM ticket_types;
DELETE FROM counters;
DELETE FROM gates;
DELETE FROM events;
DELETE FROM tenant_users;
DELETE FROM subscriptions;
DELETE FROM invoices;
DELETE FROM users;
DELETE FROM tenants;

-- ============================================================================
-- 1. TENANT
-- ============================================================================

INSERT INTO tenants (id, name, slug, primary_color, secondary_color, is_active, max_events, max_tickets, plan, fee_percentage) VALUES
('t0000000-0000-0000-0000-000000000001', 'SeleEvent', 'seleevent', '#00A39D', '#F8AD3C', true, 5, 15000, 'free', 3.00);

-- ============================================================================
-- 2. SUBSCRIPTION (trial)
-- ============================================================================

INSERT INTO subscriptions (id, tenant_id, plan, status, current_period_start, current_period_end) VALUES
('s0000000-0000-0000-0000-000000000001', 't0000000-0000-0000-0000-000000000001', 'free', 'trial', '2026-04-01', '2026-07-01');

-- ============================================================================
-- 3. USERS — Staff & participants
-- ============================================================================

-- SUPER_ADMIN
INSERT INTO users (id, google_id, email, name, role, status) VALUES
('u0000000-0000-0000-0000-000000000001', 'mock-super_admin-001', 'admin@seleevent.id', 'SeleEvent Admin', 'SUPER_ADMIN', 'active');

-- ORGANIZER
INSERT INTO users (id, google_id, email, name, role, status) VALUES
('u0000000-0000-0000-0000-000000000002', 'mock-organizer-002', 'organizer@sheilaon7.id', 'Ahmad Rizki (Organizer)', 'ORGANIZER', 'active'),
('u0000000-0000-0000-0000-000000000003', 'mock-organizer-003', 'organizer2@sheilaon7.id', 'Wulan Sari (Organizer 2)', 'ORGANIZER', 'active');

-- COUNTER_STAFF
INSERT INTO users (id, google_id, email, name, role, status) VALUES
('u0000000-0000-0000-0000-000000000010', 'mock-counter_staff-010', 'counter1@seleevent.id', 'Siti Nurhaliza', 'COUNTER_STAFF', 'active'),
('u0000000-0000-0000-0000-000000000011', 'mock-counter_staff-011', 'counter2@seleevent.id', 'Budi Santoso', 'COUNTER_STAFF', 'active'),
('u0000000-0000-0000-0000-000000000012', 'mock-counter_staff-012', 'counter3@seleevent.id', 'Dewi Lestari', 'COUNTER_STAFF', 'active');

-- GATE_STAFF
INSERT INTO users (id, google_id, email, name, role, status) VALUES
('u0000000-0000-0000-0000-000000000020', 'mock-gate_staff-020', 'gate1@seleevent.id', 'Rudi Hartono', 'GATE_STAFF', 'active'),
('u0000000-0000-0000-0000-000000000021', 'mock-gate_staff-021', 'gate2@seleevent.id', 'Maya Sari', 'GATE_STAFF', 'active'),
('u0000000-0000-0000-0000-000000000022', 'mock-gate_staff-022', 'gate3@seleevent.id', 'Joko Widodo', 'GATE_STAFF', 'active'),
('u0000000-0000-0000-0000-000000000023', 'mock-gate_staff-023', 'gate4@seleevent.id', 'Rina Wati', 'GATE_STAFF', 'active');

-- PARTICIPANT
INSERT INTO users (id, google_id, email, name, role, status) VALUES
('u0000000-0000-0000-0000-000000000100', 'mock-participant-100', 'fan1@gmail.com', 'Dian Pratama', 'PARTICIPANT', 'active'),
('u0000000-0000-0000-0000-000000000101', 'mock-participant-101', 'fan2@gmail.com', 'Raka Putra', 'PARTICIPANT', 'active'),
('u0000000-0000-0000-0000-000000000102', 'mock-participant-102', 'fan3@gmail.com', 'Nisa Azkia', 'PARTICIPANT', 'active'),
('u0000000-0000-0000-0000-000000000103', 'mock-participant-103', 'fan4@gmail.com', 'Fajar Nugroho', 'PARTICIPANT', 'active'),
('u0000000-0000-0000-0000-000000000104', 'mock-participant-104', 'fan5@gmail.com', 'Ayu Rahmawati', 'PARTICIPANT', 'active'),
('u0000000-0000-0000-0000-000000000105', 'mock-participant-105', 'fan6@gmail.com', 'Bayu Aji', 'PARTICIPANT', 'active'),
('u0000000-0000-0000-0000-000000000106', 'mock-participant-106', 'fan7@gmail.com', 'Citra Dewi', 'PARTICIPANT', 'active'),
('u0000000-0000-0000-0000-000000000107', 'mock-participant-107', 'fan8@gmail.com', 'Gilang Ramadhan', 'PARTICIPANT', 'active'),
('u0000000-0000-0000-0000-000000000108', 'mock-participant-108', 'fan9@gmail.com', 'Hana Safira', 'PARTICIPANT', 'active'),
('u0000000-0000-0000-0000-000000000109', 'mock-participant-109', 'fan10@gmail.com', 'Irfan Hakim', 'PARTICIPANT', 'active'),
('u0000000-0000-0000-0000-000000000110', 'mock-participant-110', 'fan11@gmail.com', 'Kemal Fauzi', 'PARTICIPANT', 'active'),
('u0000000-0000-0000-0000-000000000111', 'mock-participant-111', 'fan12@gmail.com', 'Larasati Putri', 'PARTICIPANT', 'active'),
('u0000000-0000-0000-0000-000000000112', 'mock-participant-112', 'fan13@gmail.com', 'Mochammad Iqbal', 'PARTICIPANT', 'active'),
('u0000000-0000-0000-0000-000000000113', 'mock-participant-113', 'fan14@gmail.com', 'Nadira Zahra', 'PARTICIPANT', 'active'),
('u0000000-0000-0000-0000-000000000114', 'mock-participant-114', 'fan15@gmail.com', 'Oscar Pratama', 'PARTICIPANT', 'active'),
('u0000000-0000-0000-0000-000000000115', 'mock-participant-115', 'fan16@gmail.com', 'Putri Amalina', 'PARTICIPANT', 'active'),
('u0000000-0000-0000-0000-000000000116', 'mock-participant-116', 'fan17@gmail.com', 'Rahmat Hidayat', 'PARTICIPANT', 'active'),
('u0000000-0000-0000-0000-000000000117', 'mock-participant-117', 'fan18@gmail.com', 'Sinta Dewi', 'PARTICIPANT', 'active'),
('u0000000-0000-0000-0000-000000000118', 'mock-participant-118', 'fan19@gmail.com', 'Taufik Rizal', 'PARTICIPANT', 'active'),
('u0000000-0000-0000-0000-000000000119', 'mock-participant-119', 'fan20@gmail.com', 'Umi Kalsum', 'PARTICIPANT', 'active');

-- ============================================================================
-- 4. TENANT_USERS (membership links)
-- ============================================================================

INSERT INTO tenant_users (user_id, tenant_id, role, is_active) VALUES
('u0000000-0000-0000-0000-000000000001', 't0000000-0000-0000-0000-000000000001', 'SUPER_ADMIN', true),
('u0000000-0000-0000-0000-000000000002', 't0000000-0000-0000-0000-000000000001', 'ORGANIZER', true),
('u0000000-0000-0000-0000-000000000003', 't0000000-0000-0000-0000-000000000001', 'ORGANIZER', true);

-- ============================================================================
-- 5. EVENTS
-- ============================================================================

INSERT INTO events (id, tenant_id, slug, title, subtitle, date, doors_open, venue, city, address, capacity, status) VALUES
('e0000000-0000-0000-0000-000000000001', 't0000000-0000-0000-0000-000000000001', 'sheila-on-7-live-in-jakarta', 'Sheila On 7 — Live in Jakarta', 'Tunggu Aku di Jakarta', '2026-05-30 19:00:00+07', '2026-05-30 17:00:00+07', 'GBK Madya Stadium', 'Jakarta', 'Jl. Pintu 1, Senayan, Jakarta Pusat', 15000, 'published'),
('e0000000-0000-0000-0000-000000000002', 't0000000-0000-0000-0000-000000000001', 'sheila-on-7-tour-bandung', 'Sheila On 7 Tour — Bandung', 'Kita Bercerita di Bandung', '2026-06-15 19:00:00+07', '2026-06-15 17:00:00+07', 'Siliwangi Stadium', 'Bandung', 'Jl. Siliwangi, Bandung', 10000, 'published');

-- ============================================================================
-- 6. TICKET TYPES
-- ============================================================================

INSERT INTO ticket_types (id, tenant_id, event_id, name, description, price, quota, sold, tier, zone, emoji, benefits) VALUES
('tt000000-0000-0000-0000-000000000001', 't0000000-0000-0000-0000-000000000001', 'e0000000-0000-0000-0000-000000000001', 'VVIP', 'Barisan terdepan, meet & greet eksklusif', 3500000, 200, 30, 'premium', 'A', '👑', '["Meet & Greet","Exclusive Merchandise","Priority Entry","Complimentary Drink"]'),
('tt000000-0000-0000-0000-000000000002', 't0000000-0000-0000-0000-000000000001', 'e0000000-0000-0000-0000-000000000001', 'VIP', 'Barisan premium, merchandise eksklusif', 2500000, 500, 55, 'premium', 'B', '⭐', '["Exclusive Merchandise","Priority Entry","Complimentary Drink"]'),
('tt000000-0000-0000-0000-000000000003', 't0000000-0000-0000-0000-000000000001', 'e0000000-0000-0000-0000-000000000001', 'CAT 1', 'Tribun barisan depan', 1500000, 1500, 42, 'seated', 'C', '🎵', '["Souvenir Lanyard","Standard Entry"]'),
('tt000000-0000-0000-0000-000000000004', 't0000000-0000-0000-0000-000000000001', 'e0000000-0000-0000-0000-000000000001', 'CAT 2', 'Tribun barisan tengah', 1000000, 2300, 38, 'seated', 'D', '🎶', '["Standard Entry"]'),
('tt000000-0000-0000-0000-000000000005', 't0000000-0000-0000-0000-000000000001', 'e0000000-0000-0000-0000-000000000001', 'CAT 3', 'Tribun barisan belakang', 750000, 3000, 35, 'seated', 'E', '🎤', '["Standard Entry"]'),
('tt000000-0000-0000-0000-000000000006', 't0000000-0000-0000-0000-000000000001', 'e0000000-0000-0000-0000-000000000001', 'Festival', 'Area berdiri, free standing', 500000, 7500, 55, 'floor', 'F', '🎉', '["Standard Entry","Festival Zone Access"]'),
('tt000000-0000-0000-0000-000000000007', 't0000000-0000-0000-0000-000000000001', 'e0000000-0000-0000-0000-000000000002', 'Premium', 'Pengalaman premium, meet & greet', 2000000, 500, 28, 'premium', 'P', '👑', '["Meet & Greet","Exclusive Merchandise","Priority Entry"]'),
('tt000000-0000-0000-0000-000000000008', 't0000000-0000-0000-0000-000000000001', 'e0000000-0000-0000-0000-000000000002', 'CAT 1', 'Tribun barisan depan', 1200000, 2000, 18, 'seated', 'Q', '🎵', '["Souvenir Lanyard","Standard Entry"]'),
('tt000000-0000-0000-0000-000000000009', 't0000000-0000-0000-0000-000000000001', 'e0000000-0000-0000-0000-000000000002', 'CAT 2', 'Tribun barisan tengah', 800000, 3000, 22, 'seated', 'R', '🎶', '["Standard Entry"]'),
('tt000000-0000-0000-0000-000000000010', 't0000000-0000-0000-0000-000000000001', 'e0000000-0000-0000-0000-000000000002', 'Festival', 'Area berdiri, free standing', 450000, 4500, 25, 'floor', 'S', '🎉', '["Standard Entry","Festival Zone Access"]');

-- ============================================================================
-- 7. SEATS — Using generate_series for bulk insert
-- ============================================================================

-- Event 1: VVIP seats (zone A, 10 rows × 20 cols = 200 seats)
INSERT INTO seats (id, tenant_id, event_id, ticket_type_id, section, row, number, label, status)
SELECT
    gen_random_uuid(),
    't0000000-0000-0000-0000-000000000001',
    'e0000000-0000-0000-0000-000000000001',
    'tt000000-0000-0000-0000-000000000001',
    'A',
    r.row_num::text,
    c.col_num::text,
    'A-' || r.row_num::text || '-' || c.col_num::text,
    CASE WHEN random() < 0.85 THEN 'sold' ELSE 'available' END
FROM generate_series(1, 10) AS r(row_num)
CROSS JOIN generate_series(1, 20) AS c(col_num);

-- Event 1: VIP seats (zone B, 10 rows × 50 cols = 500 seats)
INSERT INTO seats (id, tenant_id, event_id, ticket_type_id, section, row, number, label, status)
SELECT
    gen_random_uuid(),
    't0000000-0000-0000-0000-000000000001',
    'e0000000-0000-0000-0000-000000000001',
    'tt000000-0000-0000-0000-000000000002',
    'B',
    r.row_num::text,
    c.col_num::text,
    'B-' || r.row_num::text || '-' || c.col_num::text,
    CASE WHEN random() < 0.80 THEN 'sold' ELSE 'available' END
FROM generate_series(1, 10) AS r(row_num)
CROSS JOIN generate_series(1, 50) AS c(col_num);

-- Event 1: CAT 1 seats (zone C, 15 rows × 100 cols = 1500 seats)
INSERT INTO seats (id, tenant_id, event_id, ticket_type_id, section, row, number, label, status)
SELECT
    gen_random_uuid(),
    't0000000-0000-0000-0000-000000000001',
    'e0000000-0000-0000-0000-000000000001',
    'tt000000-0000-0000-0000-000000000003',
    'C',
    r.row_num::text,
    c.col_num::text,
    'C-' || r.row_num::text || '-' || c.col_num::text,
    CASE WHEN random() < 0.70 THEN 'sold' ELSE 'available' END
FROM generate_series(1, 15) AS r(row_num)
CROSS JOIN generate_series(1, 100) AS c(col_num);

-- Event 2: Premium seats (zone P, 10 rows × 50 cols = 500 seats)
INSERT INTO seats (id, tenant_id, event_id, ticket_type_id, section, row, number, label, status)
SELECT
    gen_random_uuid(),
    't0000000-0000-0000-0000-000000000001',
    'e0000000-0000-0000-0000-000000000002',
    'tt000000-0000-0000-0000-000000000007',
    'P',
    r.row_num::text,
    c.col_num::text,
    'P-' || r.row_num::text || '-' || c.col_num::text,
    CASE WHEN random() < 0.80 THEN 'sold' ELSE 'available' END
FROM generate_series(1, 10) AS r(row_num)
CROSS JOIN generate_series(1, 50) AS c(col_num);

-- ============================================================================
-- 8. COUNTERS — Wristband redemption booths
-- ============================================================================

INSERT INTO counters (id, tenant_id, event_id, name, location, capacity, status, open_at, close_at) VALUES
('c0000000-0000-0000-0000-000000000001', 't0000000-0000-0000-0000-000000000001', 'e0000000-0000-0000-0000-000000000001', 'Counter Gate A', 'Lobby Utara', 500, 'active', '2026-05-30 15:00:00+07', '2026-05-30 21:00:00+07'),
('c0000000-0000-0000-0000-000000000002', 't0000000-0000-0000-0000-000000000001', 'e0000000-0000-0000-0000-000000000001', 'Counter Gate B', 'Lobby Selatan', 500, 'active', '2026-05-30 15:00:00+07', '2026-05-30 21:00:00+07'),
('c0000000-0000-0000-0000-000000000003', 't0000000-0000-0000-0000-000000000001', 'e0000000-0000-0000-0000-000000000001', 'Counter VVIP', 'VIP Lounge', 100, 'active', '2026-05-30 16:00:00+07', '2026-05-30 19:00:00+07'),
('c0000000-0000-0000-0000-000000000004', 't0000000-0000-0000-0000-000000000001', 'e0000000-0000-0000-0000-000000000002', 'Counter Utama', 'Lobby Utama', 500, 'active', '2026-06-15 15:00:00+07', '2026-06-15 21:00:00+07'),
('c0000000-0000-0000-0000-000000000005', 't0000000-0000-0000-0000-000000000001', 'e0000000-0000-0000-0000-000000000002', 'Counter VIP', 'VIP Lounge', 200, 'active', '2026-06-15 16:00:00+07', '2026-06-15 19:00:00+07');

-- ============================================================================
-- 9. GATES — Entry/exit points
-- ============================================================================

INSERT INTO gates (id, tenant_id, event_id, name, type, location, min_access_level, capacity_per_min, status) VALUES
('g0000000-0000-0000-0000-000000000001', 't0000000-0000-0000-0000-000000000001', 'e0000000-0000-0000-0000-000000000001', 'Gate 1 - VVIP', 'entry', 'Lobby Utara', 'VVIP', 30, 'active'),
('g0000000-0000-0000-0000-000000000002', 't0000000-0000-0000-0000-000000000001', 'e0000000-0000-0000-0000-000000000001', 'Gate 2 - VIP', 'entry', 'Lobby Utara', 'VIP', 30, 'active'),
('g0000000-0000-0000-0000-000000000003', 't0000000-0000-0000-0000-000000000001', 'e0000000-0000-0000-0000-000000000001', 'Gate 3 - General', 'both', 'Lobby Selatan', NULL, 60, 'active'),
('g0000000-0000-0000-0000-000000000004', 't0000000-0000-0000-0000-000000000001', 'e0000000-0000-0000-0000-000000000001', 'Gate 4 - General', 'both', 'Lobby Timur', NULL, 60, 'active'),
('g0000000-0000-0000-0000-000000000005', 't0000000-0000-0000-0000-000000000001', 'e0000000-0000-0000-0000-000000000001', 'Exit Gate', 'exit', 'Lobby Barat', NULL, 80, 'active'),
('g0000000-0000-0000-0000-000000000006', 't0000000-0000-0000-0000-000000000001', 'e0000000-0000-0000-0000-000000000002', 'Gate 1 Premium', 'entry', 'Lobby Utara', 'Premium', 30, 'active'),
('g0000000-0000-0000-0000-000000000007', 't0000000-0000-0000-0000-000000000001', 'e0000000-0000-0000-0000-000000000002', 'Gate 2 General', 'both', 'Lobby Selatan', NULL, 60, 'active'),
('g0000000-0000-0000-0000-000000000008', 't0000000-0000-0000-0000-000000000001', 'e0000000-0000-0000-0000-000000000002', 'Exit Gate', 'exit', 'Lobby Barat', NULL, 80, 'active');

-- ============================================================================
-- 10. COUNTER STAFF ASSIGNMENTS
-- ============================================================================

-- Event 1 counter staff
INSERT INTO counter_staff (tenant_id, user_id, counter_id, shift, status) VALUES
('t0000000-0000-0000-0000-000000000001', 'u0000000-0000-0000-0000-000000000010', 'c0000000-0000-0000-0000-000000000001', 'Siang (15:00-18:00)', 'active'),
('t0000000-0000-0000-0000-000000000001', 'u0000000-0000-0000-0000-000000000011', 'c0000000-0000-0000-0000-000000000002', 'Siang (15:00-18:00)', 'active'),
('t0000000-0000-0000-0000-000000000001', 'u0000000-0000-0000-0000-000000000012', 'c0000000-0000-0000-0000-000000000003', 'Malam (18:00-21:00)', 'active');

-- Event 2 counter staff
INSERT INTO counter_staff (tenant_id, user_id, counter_id, shift, status) VALUES
('t0000000-0000-0000-0000-000000000001', 'u0000000-0000-0000-0000-000000000010', 'c0000000-0000-0000-0000-000000000004', 'Siang (15:00-18:00)', 'active'),
('t0000000-0000-0000-0000-000000000001', 'u0000000-0000-0000-0000-000000000011', 'c0000000-0000-0000-0000-000000000005', 'Malam (18:00-21:00)', 'active');

-- ============================================================================
-- 11. GATE STAFF ASSIGNMENTS
-- ============================================================================

-- Event 1 gate staff
INSERT INTO gate_staff (tenant_id, user_id, gate_id, shift, status) VALUES
('t0000000-0000-0000-0000-000000000001', 'u0000000-0000-0000-0000-000000000020', 'g0000000-0000-0000-0000-000000000001', 'Malam (17:00-23:00)', 'active'),
('t0000000-0000-0000-0000-000000000001', 'u0000000-0000-0000-0000-000000000021', 'g0000000-0000-0000-0000-000000000002', 'Malam (17:00-23:00)', 'active'),
('t0000000-0000-0000-0000-000000000001', 'u0000000-0000-0000-0000-000000000022', 'g0000000-0000-0000-0000-000000000003', 'Malam (17:00-23:00)', 'active'),
('t0000000-0000-0000-0000-000000000001', 'u0000000-0000-0000-0000-000000000023', 'g0000000-0000-0000-0000-000000000004', 'Malam (17:00-23:00)', 'active');

-- Event 2 gate staff
INSERT INTO gate_staff (tenant_id, user_id, gate_id, shift, status) VALUES
('t0000000-0000-0000-0000-000000000001', 'u0000000-0000-0000-0000-000000000020', 'g0000000-0000-0000-0000-000000000006', 'Malam (17:00-23:00)', 'active'),
('t0000000-0000-0000-0000-000000000001', 'u0000000-0000-0000-0000-000000000021', 'g0000000-0000-0000-0000-000000000007', 'Malam (17:00-23:00)', 'active'),
('t0000000-0000-0000-0000-000000000001', 'u0000000-0000-0000-0000-000000000022', 'g0000000-0000-0000-0000-000000000008', 'Malam (17:00-23:00)', 'active');

-- ============================================================================
-- 12. WRISTBAND INVENTORIES
-- ============================================================================

INSERT INTO wristband_inventories (tenant_id, event_id, color, color_hex, type, total_stock, used_stock, remaining_stock) VALUES
('t0000000-0000-0000-0000-000000000001', 'e0000000-0000-0000-0000-000000000001', 'Gold', '#FFD700', 'VVIP', 200, 3, 197),
('t0000000-0000-0000-0000-000000000001', 'e0000000-0000-0000-0000-000000000001', 'Silver', '#C0C0C0', 'VIP', 500, 5, 495),
('t0000000-0000-0000-0000-000000000001', 'e0000000-0000-0000-0000-000000000001', 'Blue', '#1E90FF', 'CAT 1', 1500, 5, 1495),
('t0000000-0000-0000-0000-000000000001', 'e0000000-0000-0000-0000-000000000001', 'Green', '#32CD32', 'CAT 2', 2300, 2, 2298),
('t0000000-0000-0000-0000-000000000001', 'e0000000-0000-0000-0000-000000000001', 'Orange', '#FF8C00', 'CAT 3', 3000, 2, 2998),
('t0000000-0000-0000-0000-000000000001', 'e0000000-0000-0000-0000-000000000001', 'Red', '#DC143C', 'Festival', 7500, 1, 7499),
('t0000000-0000-0000-0000-000000000001', 'e0000000-0000-0000-0000-000000000002', 'Purple', '#9B59B6', 'Premium', 500, 3, 497),
('t0000000-0000-0000-0000-000000000001', 'e0000000-0000-0000-0000-000000000002', 'Teal', '#1ABC9C', 'CAT 1', 2000, 2, 1998),
('t0000000-0000-0000-0000-000000000001', 'e0000000-0000-0000-0000-000000000002', 'Yellow', '#F1C40F', 'CAT 2', 3000, 1, 2999),
('t0000000-0000-0000-0000-000000000001', 'e0000000-0000-0000-0000-000000000002', 'Pink', '#E91E63', 'Festival', 4500, 0, 4500);

-- ============================================================================
-- 13. ORDERS
-- ============================================================================

-- Event 1: Sheila On 7 — Live in Jakarta
-- PAID orders (25)
INSERT INTO orders (id, tenant_id, order_code, user_id, event_id, total_amount, status, payment_type, payment_method, midtrans_transaction_id, platform_fee, expires_at, paid_at) VALUES
('o0000000-0000-0000-0000-000000000001', 't0000000-0000-0000-0000-000000000001', 'ORD-6KTDN', 'u0000000-0000-0000-0000-000000000119', 'e0000000-0000-0000-0000-000000000001', 1000000, 'paid', 'bank_transfer', 'mandiri_va', 'MID-5LW31D', 30000, NULL, '2026-04-24 20:10:00+07'),
('o0000000-0000-0000-0000-000000000002', 't0000000-0000-0000-0000-000000000001', 'ORD-UYW9Z', 'u0000000-0000-0000-0000-000000000105', 'e0000000-0000-0000-0000-000000000001', 1000000, 'paid', 'gopay', 'gopay', 'MID-J89NLH', 30000, NULL, '2026-04-22 11:58:00+07'),
('o0000000-0000-0000-0000-000000000003', 't0000000-0000-0000-0000-000000000001', 'ORD-U1GOK', 'u0000000-0000-0000-0000-000000000114', 'e0000000-0000-0000-0000-000000000001', 7500000, 'paid', 'gopay', 'gopay', 'MID-3I6LEM', 225000, NULL, '2026-04-24 20:12:00+07'),
('o0000000-0000-0000-0000-000000000004', 't0000000-0000-0000-0000-000000000001', 'ORD-61NT6', 'u0000000-0000-0000-0000-000000000104', 'e0000000-0000-0000-0000-000000000001', 5000000, 'paid', 'gopay', 'gopay', 'MID-Z5Q7OX', 150000, NULL, '2026-04-23 19:14:00+07'),
('o0000000-0000-0000-0000-000000000005', 't0000000-0000-0000-0000-000000000001', 'ORD-5PWJV', 'u0000000-0000-0000-0000-000000000109', 'e0000000-0000-0000-0000-000000000001', 500000, 'paid', 'gopay', 'gopay', 'MID-SIVY8F', 15000, NULL, '2026-04-23 09:34:00+07'),
('o0000000-0000-0000-0000-000000000006', 't0000000-0000-0000-0000-000000000001', 'ORD-MSGG3', 'u0000000-0000-0000-0000-000000000113', 'e0000000-0000-0000-0000-000000000001', 4000000, 'paid', 'gopay', 'gopay', 'MID-NLPSUZ', 120000, NULL, '2026-04-24 19:53:00+07'),
('o0000000-0000-0000-0000-000000000007', 't0000000-0000-0000-0000-000000000001', 'ORD-00UHO', 'u0000000-0000-0000-0000-000000000115', 'e0000000-0000-0000-0000-000000000001', 750000, 'paid', 'bank_transfer', 'bca_va', 'MID-BUW3J1', 22000, NULL, '2026-04-27 14:27:00+07'),
('o0000000-0000-0000-0000-000000000008', 't0000000-0000-0000-0000-000000000001', 'ORD-R03NG', 'u0000000-0000-0000-0000-000000000118', 'e0000000-0000-0000-0000-000000000001', 1000000, 'paid', 'qris', 'qris', 'MID-19705G', 30000, NULL, '2026-04-20 20:30:00+07'),
('o0000000-0000-0000-0000-000000000009', 't0000000-0000-0000-0000-000000000001', 'ORD-1I09B', 'u0000000-0000-0000-0000-000000000106', 'e0000000-0000-0000-0000-000000000001', 8500000, 'paid', 'bank_transfer', 'bni_va', 'MID-VUHOX8', 255000, NULL, '2026-04-27 14:51:00+07'),
('o0000000-0000-0000-0000-000000000010', 't0000000-0000-0000-0000-000000000001', 'ORD-AYJTP', 'u0000000-0000-0000-0000-000000000112', 'e0000000-0000-0000-0000-000000000001', 4000000, 'paid', 'gopay', 'gopay', 'MID-3PZMKS', 120000, NULL, '2026-04-26 13:24:00+07'),
('o0000000-0000-0000-0000-000000000011', 't0000000-0000-0000-0000-000000000001', 'ORD-K18NE', 'u0000000-0000-0000-0000-000000000117', 'e0000000-0000-0000-0000-000000000001', 1500000, 'paid', 'qris', 'qris', 'MID-YFN0VV', 45000, NULL, '2026-04-21 10:50:00+07'),
('o0000000-0000-0000-0000-000000000012', 't0000000-0000-0000-0000-000000000001', 'ORD-8A8JX', 'u0000000-0000-0000-0000-000000000110', 'e0000000-0000-0000-0000-000000000001', 1000000, 'paid', 'qris', 'gopay', 'MID-E5RIRE', 30000, NULL, '2026-04-26 17:39:00+07'),
('o0000000-0000-0000-0000-000000000013', 't0000000-0000-0000-0000-000000000001', 'ORD-BVZV4', 'u0000000-0000-0000-0000-000000000101', 'e0000000-0000-0000-0000-000000000001', 7750000, 'paid', 'gopay', 'gopay', 'MID-S4DMK6', 232000, NULL, '2026-04-24 14:20:00+07'),
('o0000000-0000-0000-0000-000000000014', 't0000000-0000-0000-0000-000000000001', 'ORD-ASMGZ', 'u0000000-0000-0000-0000-000000000111', 'e0000000-0000-0000-0000-000000000001', 5000000, 'paid', 'gopay', 'gopay', 'MID-5MTXAR', 150000, NULL, '2026-04-22 13:58:00+07'),
('o0000000-0000-0000-0000-000000000015', 't0000000-0000-0000-0000-000000000001', 'ORD-O69CG', 'u0000000-0000-0000-0000-000000000102', 'e0000000-0000-0000-0000-000000000001', 750000, 'paid', 'gopay', 'gopay', 'MID-MCGPIF', 22000, NULL, '2026-04-20 09:33:00+07'),
('o0000000-0000-0000-0000-000000000016', 't0000000-0000-0000-0000-000000000001', 'ORD-A8561', 'u0000000-0000-0000-0000-000000000116', 'e0000000-0000-0000-0000-000000000001', 6000000, 'paid', 'qris', 'shopeepay', 'MID-5XO6GI', 180000, NULL, '2026-04-27 09:58:00+07'),
('o0000000-0000-0000-0000-000000000017', 't0000000-0000-0000-0000-000000000001', 'ORD-3YWGC', 'u0000000-0000-0000-0000-000000000107', 'e0000000-0000-0000-0000-000000000001', 5000000, 'paid', 'bank_transfer', 'mandiri_va', 'MID-EVMMU3', 150000, NULL, '2026-04-28 17:37:00+07'),
('o0000000-0000-0000-0000-000000000018', 't0000000-0000-0000-0000-000000000001', 'ORD-V8Z20', 'u0000000-0000-0000-0000-000000000108', 'e0000000-0000-0000-0000-000000000001', 750000, 'paid', 'gopay', 'gopay', 'MID-90H9CX', 22000, NULL, '2026-04-25 15:43:00+07'),
('o0000000-0000-0000-0000-000000000019', 't0000000-0000-0000-0000-000000000001', 'ORD-N1VHC', 'u0000000-0000-0000-0000-000000000100', 'e0000000-0000-0000-0000-000000000001', 6000000, 'paid', 'gopay', 'gopay', 'MID-UCAMSQ', 180000, NULL, '2026-04-28 11:47:00+07'),
('o0000000-0000-0000-0000-000000000020', 't0000000-0000-0000-0000-000000000001', 'ORD-ZQ0N9', 'u0000000-0000-0000-0000-000000000103', 'e0000000-0000-0000-0000-000000000001', 3500000, 'paid', 'qris', 'qris', 'MID-K935V4', 105000, NULL, '2026-04-21 08:31:00+07'),
('o0000000-0000-0000-0000-000000000021', 't0000000-0000-0000-0000-000000000001', 'ORD-QFVOO', 'u0000000-0000-0000-0000-000000000119', 'e0000000-0000-0000-0000-000000000001', 750000, 'paid', 'gopay', 'gopay', 'MID-57F2RD', 22000, NULL, '2026-04-23 16:18:00+07'),
('o0000000-0000-0000-0000-000000000022', 't0000000-0000-0000-0000-000000000001', 'ORD-J65VS', 'u0000000-0000-0000-0000-000000000105', 'e0000000-0000-0000-0000-000000000001', 6000000, 'paid', 'qris', 'qris', 'MID-EUDUW1', 180000, NULL, '2026-04-26 13:37:00+07'),
('o0000000-0000-0000-0000-000000000023', 't0000000-0000-0000-0000-000000000001', 'ORD-KHRBF', 'u0000000-0000-0000-0000-000000000114', 'e0000000-0000-0000-0000-000000000001', 4500000, 'paid', 'shopeepay', 'shopeepay', 'MID-6V46ZW', 135000, NULL, '2026-04-21 11:22:00+07'),
('o0000000-0000-0000-0000-000000000024', 't0000000-0000-0000-0000-000000000001', 'ORD-KGG0Q', 'u0000000-0000-0000-0000-000000000104', 'e0000000-0000-0000-0000-000000000001', 1500000, 'paid', 'bank_transfer', 'mandiri_va', 'MID-OJBOS0', 45000, NULL, '2026-04-22 12:39:00+07'),
('o0000000-0000-0000-0000-000000000025', 't0000000-0000-0000-0000-000000000001', 'ORD-7CFR6', 'u0000000-0000-0000-0000-000000000109', 'e0000000-0000-0000-0000-000000000001', 7000000, 'paid', 'qris', 'qris', 'MID-JQJW4M', 210000, NULL, '2026-04-28 08:15:00+07');

-- PENDING orders (3)
INSERT INTO orders (id, tenant_id, order_code, user_id, event_id, total_amount, status, payment_type, payment_method, midtrans_transaction_id, platform_fee, expires_at, paid_at) VALUES
('o0000000-0000-0000-0000-000000000026', 't0000000-0000-0000-0000-000000000001', 'ORD-8EGSA', 'u0000000-0000-0000-0000-000000000113', 'e0000000-0000-0000-0000-000000000001', 5000000, 'pending', NULL, NULL, NULL, 0, NOW() + interval '30 minutes', NULL),
('o0000000-0000-0000-0000-000000000027', 't0000000-0000-0000-0000-000000000001', 'ORD-LCOUT', 'u0000000-0000-0000-0000-000000000115', 'e0000000-0000-0000-0000-000000000001', 4500000, 'pending', NULL, NULL, NULL, 0, NOW() + interval '30 minutes', NULL),
('o0000000-0000-0000-0000-000000000028', 't0000000-0000-0000-0000-000000000001', 'ORD-S0NUO', 'u0000000-0000-0000-0000-000000000118', 'e0000000-0000-0000-0000-000000000001', 1000000, 'pending', NULL, NULL, NULL, 0, NOW() + interval '30 minutes', NULL);

-- EXPIRED orders (2)
INSERT INTO orders (id, tenant_id, order_code, user_id, event_id, total_amount, status, payment_type, payment_method, midtrans_transaction_id, platform_fee, expires_at, paid_at) VALUES
('o0000000-0000-0000-0000-000000000029', 't0000000-0000-0000-0000-000000000001', 'ORD-Q5J90', 'u0000000-0000-0000-0000-000000000106', 'e0000000-0000-0000-0000-000000000001', 5000000, 'expired', NULL, NULL, NULL, 0, '2026-04-18 18:55:00+07', NULL),
('o0000000-0000-0000-0000-000000000030', 't0000000-0000-0000-0000-000000000001', 'ORD-0TWB9', 'u0000000-0000-0000-0000-000000000112', 'e0000000-0000-0000-0000-000000000001', 5500000, 'expired', NULL, NULL, NULL, 0, '2026-04-10 17:57:00+07', NULL);

-- CANCELLED orders (3)
INSERT INTO orders (id, tenant_id, order_code, user_id, event_id, total_amount, status, payment_type, payment_method, midtrans_transaction_id, platform_fee, expires_at, paid_at) VALUES
('o0000000-0000-0000-0000-000000000031', 't0000000-0000-0000-0000-000000000001', 'ORD-QGY59', 'u0000000-0000-0000-0000-000000000117', 'e0000000-0000-0000-0000-000000000001', 1000000, 'cancelled', NULL, NULL, NULL, 0, NULL, NULL),
('o0000000-0000-0000-0000-000000000032', 't0000000-0000-0000-0000-000000000001', 'ORD-PJU84', 'u0000000-0000-0000-0000-000000000110', 'e0000000-0000-0000-0000-000000000001', 7000000, 'cancelled', NULL, NULL, NULL, 0, NULL, NULL),
('o0000000-0000-0000-0000-000000000033', 't0000000-0000-0000-0000-000000000001', 'ORD-Z8T0P', 'u0000000-0000-0000-0000-000000000101', 'e0000000-0000-0000-0000-000000000001', 3500000, 'cancelled', NULL, NULL, NULL, 0, NULL, NULL);

-- REFUNDED orders (1)
INSERT INTO orders (id, tenant_id, order_code, user_id, event_id, total_amount, status, payment_type, payment_method, midtrans_transaction_id, platform_fee, expires_at, paid_at) VALUES
('o0000000-0000-0000-0000-000000000034', 't0000000-0000-0000-0000-000000000001', 'ORD-SQTE0', 'u0000000-0000-0000-0000-000000000111', 'e0000000-0000-0000-0000-000000000001', 3500000, 'refunded', 'bank_transfer', 'mandiri_va', 'MID-732RFA', 0, NULL, '2026-04-20 17:25:00+07');

-- Event 2: Sheila On 7 Tour — Bandung
-- PAID orders (10)
INSERT INTO orders (id, tenant_id, order_code, user_id, event_id, total_amount, status, payment_type, payment_method, midtrans_transaction_id, platform_fee, expires_at, paid_at) VALUES
('o0000000-0000-0000-0000-000000000035', 't0000000-0000-0000-0000-000000000001', 'ORD-1WLCC', 'u0000000-0000-0000-0000-000000000108', 'e0000000-0000-0000-0000-000000000002', 450000, 'paid', 'qris', 'shopeepay', 'MID-BDG01A', 14000, NULL, '2026-04-23 16:26:00+07'),
('o0000000-0000-0000-0000-000000000036', 't0000000-0000-0000-0000-000000000001', 'ORD-31M5I', 'u0000000-0000-0000-0000-000000000100', 'e0000000-0000-0000-0000-000000000002', 800000, 'paid', 'bank_transfer', 'mandiri_va', 'MID-BDG02B', 24000, NULL, '2026-04-24 10:38:00+07'),
('o0000000-0000-0000-0000-000000000037', 't0000000-0000-0000-0000-000000000001', 'ORD-I3W7M', 'u0000000-0000-0000-0000-000000000107', 'e0000000-0000-0000-0000-000000000002', 4800000, 'paid', 'bank_transfer', 'mandiri_va', 'MID-BDG03C', 144000, NULL, '2026-04-21 09:57:00+07'),
('o0000000-0000-0000-0000-000000000038', 't0000000-0000-0000-0000-000000000001', 'ORD-5YZ2F', 'u0000000-0000-0000-0000-000000000109', 'e0000000-0000-0000-0000-000000000002', 1600000, 'paid', 'bank_transfer', 'bni_va', 'MID-BDG04D', 48000, NULL, '2026-04-25 11:53:00+07'),
('o0000000-0000-0000-0000-000000000039', 't0000000-0000-0000-0000-000000000001', 'ORD-C6Q2M', 'u0000000-0000-0000-0000-000000000117', 'e0000000-0000-0000-0000-000000000002', 1650000, 'paid', 'shopeepay', 'shopeepay', 'MID-BDG05E', 50000, NULL, '2026-04-20 08:31:00+07'),
('o0000000-0000-0000-0000-000000000040', 't0000000-0000-0000-0000-000000000001', 'ORD-RBVEX', 'u0000000-0000-0000-0000-000000000111', 'e0000000-0000-0000-0000-000000000002', 800000, 'paid', 'shopeepay', 'shopeepay', 'MID-BDG06F', 24000, NULL, '2026-04-28 08:17:00+07'),
('o0000000-0000-0000-0000-000000000041', 't0000000-0000-0000-0000-000000000001', 'ORD-I1XPC', 'u0000000-0000-0000-0000-000000000119', 'e0000000-0000-0000-0000-000000000002', 1200000, 'paid', 'gopay', 'gopay', 'MID-BDG07G', 36000, NULL, '2026-04-26 10:12:00+07'),
('o0000000-0000-0000-0000-000000000042', 't0000000-0000-0000-0000-000000000001', 'ORD-U4G08', 'u0000000-0000-0000-0000-000000000106', 'e0000000-0000-0000-0000-000000000002', 3600000, 'paid', 'bank_transfer', 'bni_va', 'MID-BDG08H', 108000, NULL, '2026-04-21 13:59:00+07'),
('o0000000-0000-0000-0000-000000000043', 't0000000-0000-0000-0000-000000000001', 'ORD-7M8DF', 'u0000000-0000-0000-0000-000000000116', 'e0000000-0000-0000-0000-000000000002', 3200000, 'paid', 'shopeepay', 'shopeepay', 'MID-BDG09J', 96000, NULL, '2026-04-22 19:31:00+07'),
('o0000000-0000-0000-0000-000000000044', 't0000000-0000-0000-0000-000000000001', 'ORD-JTN7J', 'u0000000-0000-0000-0000-000000000112', 'e0000000-0000-0000-0000-000000000002', 1650000, 'paid', 'shopeepay', 'shopeepay', 'MID-BDG10K', 50000, NULL, '2026-04-27 11:22:00+07');

-- PENDING orders (2)
INSERT INTO orders (id, tenant_id, order_code, user_id, event_id, total_amount, status, payment_type, payment_method, midtrans_transaction_id, platform_fee, expires_at, paid_at) VALUES
('o0000000-0000-0000-0000-000000000045', 't0000000-0000-0000-0000-000000000001', 'ORD-K8DWG', 'u0000000-0000-0000-0000-000000000105', 'e0000000-0000-0000-0000-000000000002', 2000000, 'pending', NULL, NULL, NULL, 0, NOW() + interval '30 minutes', NULL),
('o0000000-0000-0000-0000-000000000046', 't0000000-0000-0000-0000-000000000001', 'ORD-E9IQ4', 'u0000000-0000-0000-0000-000000000115', 'e0000000-0000-0000-0000-000000000002', 2400000, 'pending', NULL, NULL, NULL, 0, NOW() + interval '30 minutes', NULL);

-- EXPIRED orders (1)
INSERT INTO orders (id, tenant_id, order_code, user_id, event_id, total_amount, status, payment_type, payment_method, midtrans_transaction_id, platform_fee, expires_at, paid_at) VALUES
('o0000000-0000-0000-0000-000000000047', 't0000000-0000-0000-0000-000000000001', 'ORD-DLK1T', 'u0000000-0000-0000-0000-000000000103', 'e0000000-0000-0000-0000-000000000002', 5600000, 'expired', NULL, NULL, NULL, 0, '2026-04-20 16:35:00+07', NULL);

-- CANCELLED orders (2)
INSERT INTO orders (id, tenant_id, order_code, user_id, event_id, total_amount, status, payment_type, payment_method, midtrans_transaction_id, platform_fee, expires_at, paid_at) VALUES
('o0000000-0000-0000-0000-000000000048', 't0000000-0000-0000-0000-000000000001', 'ORD-D60MS', 'u0000000-0000-0000-0000-000000000104', 'e0000000-0000-0000-0000-000000000002', 4450000, 'cancelled', NULL, NULL, NULL, 0, NULL, NULL),
('o0000000-0000-0000-0000-000000000049', 't0000000-0000-0000-0000-000000000001', 'ORD-8MHXJ', 'u0000000-0000-0000-0000-000000000114', 'e0000000-0000-0000-0000-000000000002', 4900000, 'cancelled', NULL, NULL, NULL, 0, NULL, NULL);

-- REFUNDED orders (1)
INSERT INTO orders (id, tenant_id, order_code, user_id, event_id, total_amount, status, payment_type, payment_method, midtrans_transaction_id, platform_fee, expires_at, paid_at) VALUES
('o0000000-0000-0000-0000-000000000050', 't0000000-0000-0000-0000-000000000001', 'ORD-4HTTW', 'u0000000-0000-0000-0000-000000000110', 'e0000000-0000-0000-0000-000000000002', 2050000, 'refunded', 'bank_transfer', 'mandiri_va', 'MID-RHPL2P', 0, NULL, '2026-04-20 14:10:00+07');

-- ============================================================================
-- 14. ORDER ITEMS
-- ============================================================================

INSERT INTO order_items (tenant_id, order_id, ticket_type_id, quantity, price_per_ticket, subtotal) VALUES
('t0000000-0000-0000-0000-000000000001', 'o0000000-0000-0000-0000-000000000001', 'tt000000-0000-0000-0000-000000000006', 2, 500000, 1000000),
('t0000000-0000-0000-0000-000000000001', 'o0000000-0000-0000-0000-000000000002', 'tt000000-0000-0000-0000-000000000006', 2, 500000, 1000000),
('t0000000-0000-0000-0000-000000000001', 'o0000000-0000-0000-0000-000000000003', 'tt000000-0000-0000-0000-000000000001', 2, 3500000, 7000000),
('t0000000-0000-0000-0000-000000000001', 'o0000000-0000-0000-0000-000000000003', 'tt000000-0000-0000-0000-000000000006', 1, 500000, 500000),
('t0000000-0000-0000-0000-000000000001', 'o0000000-0000-0000-0000-000000000004', 'tt000000-0000-0000-0000-000000000005', 2, 750000, 1500000),
('t0000000-0000-0000-0000-000000000001', 'o0000000-0000-0000-0000-000000000004', 'tt000000-0000-0000-0000-000000000001', 1, 3500000, 3500000),
('t0000000-0000-0000-0000-000000000001', 'o0000000-0000-0000-0000-000000000005', 'tt000000-0000-0000-0000-000000000006', 1, 500000, 500000),
('t0000000-0000-0000-0000-000000000001', 'o0000000-0000-0000-0000-000000000006', 'tt000000-0000-0000-0000-000000000004', 1, 1000000, 1000000),
('t0000000-0000-0000-0000-000000000001', 'o0000000-0000-0000-0000-000000000006', 'tt000000-0000-0000-0000-000000000003', 2, 1500000, 3000000),
('t0000000-0000-0000-0000-000000000001', 'o0000000-0000-0000-0000-000000000007', 'tt000000-0000-0000-0000-000000000005', 1, 750000, 750000),
('t0000000-0000-0000-0000-000000000001', 'o0000000-0000-0000-0000-000000000008', 'tt000000-0000-0000-0000-000000000006', 2, 500000, 1000000),
('t0000000-0000-0000-0000-000000000001', 'o0000000-0000-0000-0000-000000000009', 'tt000000-0000-0000-0000-000000000003', 1, 1500000, 1500000),
('t0000000-0000-0000-0000-000000000001', 'o0000000-0000-0000-0000-000000000009', 'tt000000-0000-0000-0000-000000000001', 2, 3500000, 7000000),
('t0000000-0000-0000-0000-000000000001', 'o0000000-0000-0000-0000-000000000010', 'tt000000-0000-0000-0000-000000000002', 1, 2500000, 2500000),
('t0000000-0000-0000-0000-000000000001', 'o0000000-0000-0000-0000-000000000010', 'tt000000-0000-0000-0000-000000000003', 1, 1500000, 1500000),
('t0000000-0000-0000-0000-000000000001', 'o0000000-0000-0000-0000-000000000011', 'tt000000-0000-0000-0000-000000000005', 2, 750000, 1500000),
('t0000000-0000-0000-0000-000000000001', 'o0000000-0000-0000-0000-000000000012', 'tt000000-0000-0000-0000-000000000006', 2, 500000, 1000000),
('t0000000-0000-0000-0000-000000000001', 'o0000000-0000-0000-0000-000000000013', 'tt000000-0000-0000-0000-000000000005', 1, 750000, 750000),
('t0000000-0000-0000-0000-000000000001', 'o0000000-0000-0000-0000-000000000013', 'tt000000-0000-0000-0000-000000000001', 2, 3500000, 7000000),
('t0000000-0000-0000-0000-000000000001', 'o0000000-0000-0000-0000-000000000014', 'tt000000-0000-0000-0000-000000000001', 1, 3500000, 3500000);

INSERT INTO order_items (tenant_id, order_id, ticket_type_id, quantity, price_per_ticket, subtotal) VALUES
('t0000000-0000-0000-0000-000000000001', 'o0000000-0000-0000-0000-000000000014', 'tt000000-0000-0000-0000-000000000003', 1, 1500000, 1500000),
('t0000000-0000-0000-0000-000000000001', 'o0000000-0000-0000-0000-000000000015', 'tt000000-0000-0000-0000-000000000005', 1, 750000, 750000),
('t0000000-0000-0000-0000-000000000001', 'o0000000-0000-0000-0000-000000000016', 'tt000000-0000-0000-0000-000000000002', 1, 2500000, 2500000),
('t0000000-0000-0000-0000-000000000001', 'o0000000-0000-0000-0000-000000000016', 'tt000000-0000-0000-0000-000000000001', 1, 3500000, 3500000),
('t0000000-0000-0000-0000-000000000001', 'o0000000-0000-0000-0000-000000000017', 'tt000000-0000-0000-0000-000000000002', 2, 2500000, 5000000),
('t0000000-0000-0000-0000-000000000001', 'o0000000-0000-0000-0000-000000000018', 'tt000000-0000-0000-0000-000000000005', 1, 750000, 750000),
('t0000000-0000-0000-0000-000000000001', 'o0000000-0000-0000-0000-000000000019', 'tt000000-0000-0000-0000-000000000001', 1, 3500000, 3500000),
('t0000000-0000-0000-0000-000000000001', 'o0000000-0000-0000-0000-000000000019', 'tt000000-0000-0000-0000-000000000002', 1, 2500000, 2500000),
('t0000000-0000-0000-0000-000000000001', 'o0000000-0000-0000-0000-000000000020', 'tt000000-0000-0000-0000-000000000001', 1, 3500000, 3500000),
('t0000000-0000-0000-0000-000000000001', 'o0000000-0000-0000-0000-000000000021', 'tt000000-0000-0000-0000-000000000005', 1, 750000, 750000),
('t0000000-0000-0000-0000-000000000001', 'o0000000-0000-0000-0000-000000000022', 'tt000000-0000-0000-0000-000000000002', 2, 2500000, 5000000),
('t0000000-0000-0000-0000-000000000001', 'o0000000-0000-0000-0000-000000000022', 'tt000000-0000-0000-0000-000000000004', 1, 1000000, 1000000),
('t0000000-0000-0000-0000-000000000001', 'o0000000-0000-0000-0000-000000000023', 'tt000000-0000-0000-0000-000000000004', 1, 1000000, 1000000),
('t0000000-0000-0000-0000-000000000001', 'o0000000-0000-0000-0000-000000000023', 'tt000000-0000-0000-0000-000000000001', 1, 3500000, 3500000),
('t0000000-0000-0000-0000-000000000001', 'o0000000-0000-0000-0000-000000000024', 'tt000000-0000-0000-0000-000000000005', 2, 750000, 1500000),
('t0000000-0000-0000-0000-000000000001', 'o0000000-0000-0000-0000-000000000025', 'tt000000-0000-0000-0000-000000000001', 2, 3500000, 7000000),
('t0000000-0000-0000-0000-000000000001', 'o0000000-0000-0000-0000-000000000026', 'tt000000-0000-0000-0000-000000000002', 2, 2500000, 5000000),
('t0000000-0000-0000-0000-000000000001', 'o0000000-0000-0000-0000-000000000027', 'tt000000-0000-0000-0000-000000000004', 2, 1000000, 2000000),
('t0000000-0000-0000-0000-000000000001', 'o0000000-0000-0000-0000-000000000027', 'tt000000-0000-0000-0000-000000000002', 1, 2500000, 2500000),
('t0000000-0000-0000-0000-000000000001', 'o0000000-0000-0000-0000-000000000028', 'tt000000-0000-0000-0000-000000000004', 1, 1000000, 1000000);

INSERT INTO order_items (tenant_id, order_id, ticket_type_id, quantity, price_per_ticket, subtotal) VALUES
('t0000000-0000-0000-0000-000000000001', 'o0000000-0000-0000-0000-000000000029', 'tt000000-0000-0000-0000-000000000003', 2, 1500000, 3000000),
('t0000000-0000-0000-0000-000000000001', 'o0000000-0000-0000-0000-000000000029', 'tt000000-0000-0000-0000-000000000004', 2, 1000000, 2000000),
('t0000000-0000-0000-0000-000000000001', 'o0000000-0000-0000-0000-000000000030', 'tt000000-0000-0000-0000-000000000002', 2, 2500000, 5000000),
('t0000000-0000-0000-0000-000000000001', 'o0000000-0000-0000-0000-000000000030', 'tt000000-0000-0000-0000-000000000006', 1, 500000, 500000),
('t0000000-0000-0000-0000-000000000001', 'o0000000-0000-0000-0000-000000000031', 'tt000000-0000-0000-0000-000000000006', 2, 500000, 1000000),
('t0000000-0000-0000-0000-000000000001', 'o0000000-0000-0000-0000-000000000032', 'tt000000-0000-0000-0000-000000000001', 2, 3500000, 7000000),
('t0000000-0000-0000-0000-000000000001', 'o0000000-0000-0000-0000-000000000033', 'tt000000-0000-0000-0000-000000000001', 1, 3500000, 3500000),
('t0000000-0000-0000-0000-000000000001', 'o0000000-0000-0000-0000-000000000034', 'tt000000-0000-0000-0000-000000000001', 1, 3500000, 3500000),
('t0000000-0000-0000-0000-000000000001', 'o0000000-0000-0000-0000-000000000035', 'tt000000-0000-0000-0000-000000000010', 1, 450000, 450000),
('t0000000-0000-0000-0000-000000000001', 'o0000000-0000-0000-0000-000000000036', 'tt000000-0000-0000-0000-000000000009', 1, 800000, 800000),
('t0000000-0000-0000-0000-000000000001', 'o0000000-0000-0000-0000-000000000037', 'tt000000-0000-0000-0000-000000000007', 2, 2000000, 4000000),
('t0000000-0000-0000-0000-000000000001', 'o0000000-0000-0000-0000-000000000037', 'tt000000-0000-0000-0000-000000000009', 1, 800000, 800000),
('t0000000-0000-0000-0000-000000000001', 'o0000000-0000-0000-0000-000000000038', 'tt000000-0000-0000-0000-000000000009', 2, 800000, 1600000),
('t0000000-0000-0000-0000-000000000001', 'o0000000-0000-0000-0000-000000000039', 'tt000000-0000-0000-0000-000000000010', 1, 450000, 450000),
('t0000000-0000-0000-0000-000000000001', 'o0000000-0000-0000-0000-000000000039', 'tt000000-0000-0000-0000-000000000008', 1, 1200000, 1200000),
('t0000000-0000-0000-0000-000000000001', 'o0000000-0000-0000-0000-000000000040', 'tt000000-0000-0000-0000-000000000009', 1, 800000, 800000),
('t0000000-0000-0000-0000-000000000001', 'o0000000-0000-0000-0000-000000000041', 'tt000000-0000-0000-0000-000000000008', 1, 1200000, 1200000),
('t0000000-0000-0000-0000-000000000001', 'o0000000-0000-0000-0000-000000000042', 'tt000000-0000-0000-0000-000000000009', 2, 800000, 1600000),
('t0000000-0000-0000-0000-000000000001', 'o0000000-0000-0000-0000-000000000042', 'tt000000-0000-0000-0000-000000000007', 1, 2000000, 2000000),
('t0000000-0000-0000-0000-000000000001', 'o0000000-0000-0000-0000-000000000043', 'tt000000-0000-0000-0000-000000000008', 1, 1200000, 1200000);

INSERT INTO order_items (tenant_id, order_id, ticket_type_id, quantity, price_per_ticket, subtotal) VALUES
('t0000000-0000-0000-0000-000000000001', 'o0000000-0000-0000-0000-000000000043', 'tt000000-0000-0000-0000-000000000007', 1, 2000000, 2000000),
('t0000000-0000-0000-0000-000000000001', 'o0000000-0000-0000-0000-000000000044', 'tt000000-0000-0000-0000-000000000008', 1, 1200000, 1200000),
('t0000000-0000-0000-0000-000000000001', 'o0000000-0000-0000-0000-000000000044', 'tt000000-0000-0000-0000-000000000010', 1, 450000, 450000),
('t0000000-0000-0000-0000-000000000001', 'o0000000-0000-0000-0000-000000000045', 'tt000000-0000-0000-0000-000000000009', 1, 800000, 800000),
('t0000000-0000-0000-0000-000000000001', 'o0000000-0000-0000-0000-000000000045', 'tt000000-0000-0000-0000-000000000008', 1, 1200000, 1200000),
('t0000000-0000-0000-0000-000000000001', 'o0000000-0000-0000-0000-000000000046', 'tt000000-0000-0000-0000-000000000008', 2, 1200000, 2400000),
('t0000000-0000-0000-0000-000000000001', 'o0000000-0000-0000-0000-000000000047', 'tt000000-0000-0000-0000-000000000009', 2, 800000, 1600000),
('t0000000-0000-0000-0000-000000000001', 'o0000000-0000-0000-0000-000000000047', 'tt000000-0000-0000-0000-000000000007', 2, 2000000, 4000000),
('t0000000-0000-0000-0000-000000000001', 'o0000000-0000-0000-0000-000000000048', 'tt000000-0000-0000-0000-000000000007', 2, 2000000, 4000000),
('t0000000-0000-0000-0000-000000000001', 'o0000000-0000-0000-0000-000000000048', 'tt000000-0000-0000-0000-000000000010', 1, 450000, 450000),
('t0000000-0000-0000-0000-000000000001', 'o0000000-0000-0000-0000-000000000049', 'tt000000-0000-0000-0000-000000000007', 2, 2000000, 4000000),
('t0000000-0000-0000-0000-000000000001', 'o0000000-0000-0000-0000-000000000049', 'tt000000-0000-0000-0000-000000000010', 2, 450000, 900000),
('t0000000-0000-0000-0000-000000000001', 'o0000000-0000-0000-0000-000000000050', 'tt000000-0000-0000-0000-000000000010', 1, 450000, 450000),
('t0000000-0000-0000-0000-000000000001', 'o0000000-0000-0000-0000-000000000050', 'tt000000-0000-0000-0000-000000000009', 2, 800000, 1600000);

-- ============================================================================
-- 15. TICKETS
-- ============================================================================

-- Event 1: Sheila On 7 — Live in Jakarta
-- ACTIVE tickets (30)
INSERT INTO tickets (id, tenant_id, order_id, ticket_type_id, event_id, ticket_code, attendee_name, attendee_email, seat_label, qr_data, wristband_code, event_title, ticket_type_name, status, redeemed_at, redeemed_by) VALUES
('tk000000-0000-0000-0000-000000000001', 't0000000-0000-0000-0000-000000000001', 'o0000000-0000-0000-0000-000000000001', 'tt000000-0000-0000-0000-000000000006', 'e0000000-0000-0000-0000-000000000001', 'SEL-78MX-1EVU-HT6T', 'Umi Kalsum', 'fan20@gmail.com', 'Festival', 'SEL-78MX-1EVU-HT6T', NULL, 'Sheila On 7 — Live in Jakarta', 'Festival', 'active', NULL, NULL),
('tk000000-0000-0000-0000-000000000002', 't0000000-0000-0000-0000-000000000001', 'o0000000-0000-0000-0000-000000000002', 'tt000000-0000-0000-0000-000000000006', 'e0000000-0000-0000-0000-000000000001', 'SEL-0UZS-9IM0-YLTZ', 'Bayu Aji', 'fan6@gmail.com', 'Festival', 'SEL-0UZS-9IM0-YLTZ', NULL, 'Sheila On 7 — Live in Jakarta', 'Festival', 'active', NULL, NULL),
('tk000000-0000-0000-0000-000000000003', 't0000000-0000-0000-0000-000000000001', 'o0000000-0000-0000-0000-000000000003', 'tt000000-0000-0000-0000-000000000001', 'e0000000-0000-0000-0000-000000000001', 'SEL-9ATS-N1U3-22N6', 'Oscar Pratama', 'fan15@gmail.com', 'VVIP-A-1-2', 'SEL-9ATS-N1U3-22N6', NULL, 'Sheila On 7 — Live in Jakarta', 'VVIP', 'active', NULL, NULL),
('tk000000-0000-0000-0000-000000000004', 't0000000-0000-0000-0000-000000000001', 'o0000000-0000-0000-0000-000000000004', 'tt000000-0000-0000-0000-000000000001', 'e0000000-0000-0000-0000-000000000001', 'SEL-4KFS-6VFP-TOMJ', 'Ayu Rahmawati', 'fan5@gmail.com', 'VVIP-A-1-3', 'SEL-4KFS-6VFP-TOMJ', NULL, 'Sheila On 7 — Live in Jakarta', 'VVIP', 'active', NULL, NULL),
('tk000000-0000-0000-0000-000000000005', 't0000000-0000-0000-0000-000000000001', 'o0000000-0000-0000-0000-000000000005', 'tt000000-0000-0000-0000-000000000006', 'e0000000-0000-0000-0000-000000000001', 'SEL-BCP4-E30M-Y5ZP', 'Irfan Hakim', 'fan10@gmail.com', 'Festival', 'SEL-BCP4-E30M-Y5ZP', NULL, 'Sheila On 7 — Live in Jakarta', 'Festival', 'active', NULL, NULL),
('tk000000-0000-0000-0000-000000000006', 't0000000-0000-0000-0000-000000000001', 'o0000000-0000-0000-0000-000000000006', 'tt000000-0000-0000-0000-000000000003', 'e0000000-0000-0000-0000-000000000001', 'SEL-JAG1-OL73-D9PH', 'Nadira Zahra', 'fan14@gmail.com', 'CAT 1-C-1-2', 'SEL-JAG1-OL73-D9PH', NULL, 'Sheila On 7 — Live in Jakarta', 'CAT 1', 'active', NULL, NULL),
('tk000000-0000-0000-0000-000000000007', 't0000000-0000-0000-0000-000000000001', 'o0000000-0000-0000-0000-000000000007', 'tt000000-0000-0000-0000-000000000005', 'e0000000-0000-0000-0000-000000000001', 'SEL-3I37-9U26-192K', 'Putri Amalina', 'fan16@gmail.com', 'CAT 3-E-1-2', 'SEL-3I37-9U26-192K', NULL, 'Sheila On 7 — Live in Jakarta', 'CAT 3', 'active', NULL, NULL),
('tk000000-0000-0000-0000-000000000008', 't0000000-0000-0000-0000-000000000001', 'o0000000-0000-0000-0000-000000000008', 'tt000000-0000-0000-0000-000000000006', 'e0000000-0000-0000-0000-000000000001', 'SEL-42QP-R75P-R2ES', 'Taufik Rizal', 'fan19@gmail.com', 'Festival', 'SEL-42QP-R75P-R2ES', NULL, 'Sheila On 7 — Live in Jakarta', 'Festival', 'active', NULL, NULL),
('tk000000-0000-0000-0000-000000000009', 't0000000-0000-0000-0000-000000000001', 'o0000000-0000-0000-0000-000000000009', 'tt000000-0000-0000-0000-000000000003', 'e0000000-0000-0000-0000-000000000001', 'SEL-PRVU-8FIJ-OYJN', 'Citra Dewi', 'fan7@gmail.com', 'CAT 1-C-1-3', 'SEL-PRVU-8FIJ-OYJN', NULL, 'Sheila On 7 — Live in Jakarta', 'CAT 1', 'active', NULL, NULL),
('tk000000-0000-0000-0000-000000000010', 't0000000-0000-0000-0000-000000000001', 'o0000000-0000-0000-0000-000000000010', 'tt000000-0000-0000-0000-000000000003', 'e0000000-0000-0000-0000-000000000001', 'SEL-E00V-830D-N0YB', 'Mochammad Iqbal', 'fan13@gmail.com', 'CAT 1-C-1-4', 'SEL-E00V-830D-N0YB', NULL, 'Sheila On 7 — Live in Jakarta', 'CAT 1', 'active', NULL, NULL),
('tk000000-0000-0000-0000-000000000011', 't0000000-0000-0000-0000-000000000001', 'o0000000-0000-0000-0000-000000000011', 'tt000000-0000-0000-0000-000000000005', 'e0000000-0000-0000-0000-000000000001', 'SEL-Y4AW-TY08-8O5O', 'Sinta Dewi', 'fan18@gmail.com', 'CAT 3-E-1-3', 'SEL-Y4AW-TY08-8O5O', NULL, 'Sheila On 7 — Live in Jakarta', 'CAT 3', 'active', NULL, NULL),
('tk000000-0000-0000-0000-000000000012', 't0000000-0000-0000-0000-000000000001', 'o0000000-0000-0000-0000-000000000012', 'tt000000-0000-0000-0000-000000000006', 'e0000000-0000-0000-0000-000000000001', 'SEL-R15B-YVZK-3I8B', 'Kemal Fauzi', 'fan11@gmail.com', 'Festival', 'SEL-R15B-YVZK-3I8B', NULL, 'Sheila On 7 — Live in Jakarta', 'Festival', 'active', NULL, NULL),
('tk000000-0000-0000-0000-000000000013', 't0000000-0000-0000-0000-000000000001', 'o0000000-0000-0000-0000-000000000013', 'tt000000-0000-0000-0000-000000000005', 'e0000000-0000-0000-0000-000000000001', 'SEL-ZBF1-I3LD-QYUN', 'Raka Putra', 'fan2@gmail.com', 'CAT 3-E-1-4', 'SEL-ZBF1-I3LD-QYUN', NULL, 'Sheila On 7 — Live in Jakarta', 'CAT 3', 'active', NULL, NULL),
('tk000000-0000-0000-0000-000000000014', 't0000000-0000-0000-0000-000000000001', 'o0000000-0000-0000-0000-000000000014', 'tt000000-0000-0000-0000-000000000003', 'e0000000-0000-0000-0000-000000000001', 'SEL-3UVY-R0QF-4B8D', 'Larasati Putri', 'fan12@gmail.com', 'CAT 1-C-1-5', 'SEL-3UVY-R0QF-4B8D', NULL, 'Sheila On 7 — Live in Jakarta', 'CAT 1', 'active', NULL, NULL),
('tk000000-0000-0000-0000-000000000015', 't0000000-0000-0000-0000-000000000001', 'o0000000-0000-0000-0000-000000000015', 'tt000000-0000-0000-0000-000000000005', 'e0000000-0000-0000-0000-000000000001', 'SEL-WOEC-BPMB-JPI4', 'Nisa Azkia', 'fan3@gmail.com', 'CAT 3-E-1-5', 'SEL-WOEC-BPMB-JPI4', NULL, 'Sheila On 7 — Live in Jakarta', 'CAT 3', 'active', NULL, NULL);

('tk000000-0000-0000-0000-000000000016', 't0000000-0000-0000-0000-000000000001', 'o0000000-0000-0000-0000-000000000016', 'tt000000-0000-0000-0000-000000000001', 'e0000000-0000-0000-0000-000000000001', 'SEL-HN3Q-XKHK-TGBT', 'Rahmat Hidayat', 'fan17@gmail.com', 'VVIP-A-1-4', 'SEL-HN3Q-XKHK-TGBT', NULL, 'Sheila On 7 — Live in Jakarta', 'VVIP', 'active', NULL, NULL),
('tk000000-0000-0000-0000-000000000017', 't0000000-0000-0000-0000-000000000001', 'o0000000-0000-0000-0000-000000000017', 'tt000000-0000-0000-0000-000000000002', 'e0000000-0000-0000-0000-000000000001', 'SEL-YZME-PGTH-CW81', 'Gilang Ramadhan', 'fan8@gmail.com', 'VIP-B-1-2', 'SEL-YZME-PGTH-CW81', NULL, 'Sheila On 7 — Live in Jakarta', 'VIP', 'active', NULL, NULL),
('tk000000-0000-0000-0000-000000000018', 't0000000-0000-0000-0000-000000000001', 'o0000000-0000-0000-0000-000000000018', 'tt000000-0000-0000-0000-000000000005', 'e0000000-0000-0000-0000-000000000001', 'SEL-XE6V-A05G-1X3J', 'Hana Safira', 'fan9@gmail.com', 'CAT 3-E-1-6', 'SEL-XE6V-A05G-1X3J', NULL, 'Sheila On 7 — Live in Jakarta', 'CAT 3', 'active', NULL, NULL),
('tk000000-0000-0000-0000-000000000019', 't0000000-0000-0000-0000-000000000001', 'o0000000-0000-0000-0000-000000000019', 'tt000000-0000-0000-0000-000000000001', 'e0000000-0000-0000-0000-000000000001', 'SEL-1L7R-8431-RUPF', 'Dian Pratama', 'fan1@gmail.com', 'VVIP-A-1-5', 'SEL-1L7R-8431-RUPF', NULL, 'Sheila On 7 — Live in Jakarta', 'VVIP', 'active', NULL, NULL),
('tk000000-0000-0000-0000-000000000020', 't0000000-0000-0000-0000-000000000001', 'o0000000-0000-0000-0000-000000000020', 'tt000000-0000-0000-0000-000000000001', 'e0000000-0000-0000-0000-000000000001', 'SEL-R2P3-YVB5-UL5N', 'Fajar Nugroho', 'fan4@gmail.com', 'VVIP-A-1-6', 'SEL-R2P3-YVB5-UL5N', NULL, 'Sheila On 7 — Live in Jakarta', 'VVIP', 'active', NULL, NULL),
('tk000000-0000-0000-0000-000000000021', 't0000000-0000-0000-0000-000000000001', 'o0000000-0000-0000-0000-000000000021', 'tt000000-0000-0000-0000-000000000005', 'e0000000-0000-0000-0000-000000000001', 'SEL-WQVR-R9A7-MFP0', 'Umi Kalsum', 'fan20@gmail.com', 'CAT 3-E-1-7', 'SEL-WQVR-R9A7-MFP0', NULL, 'Sheila On 7 — Live in Jakarta', 'CAT 3', 'active', NULL, NULL),
('tk000000-0000-0000-0000-000000000022', 't0000000-0000-0000-0000-000000000001', 'o0000000-0000-0000-0000-000000000022', 'tt000000-0000-0000-0000-000000000004', 'e0000000-0000-0000-0000-000000000001', 'SEL-59P4-52BF-SOZP', 'Bayu Aji', 'fan6@gmail.com', 'CAT 2-D-1-2', 'SEL-59P4-52BF-SOZP', NULL, 'Sheila On 7 — Live in Jakarta', 'CAT 2', 'active', NULL, NULL),
('tk000000-0000-0000-0000-000000000023', 't0000000-0000-0000-0000-000000000001', 'o0000000-0000-0000-0000-000000000023', 'tt000000-0000-0000-0000-000000000004', 'e0000000-0000-0000-0000-000000000001', 'SEL-TX49-7W19-VW3R', 'Oscar Pratama', 'fan15@gmail.com', 'CAT 2-D-1-3', 'SEL-TX49-7W19-VW3R', NULL, 'Sheila On 7 — Live in Jakarta', 'CAT 2', 'active', NULL, NULL),
('tk000000-0000-0000-0000-000000000024', 't0000000-0000-0000-0000-000000000001', 'o0000000-0000-0000-0000-000000000024', 'tt000000-0000-0000-0000-000000000005', 'e0000000-0000-0000-0000-000000000001', 'SEL-TQOH-MUH8-LMN4', 'Ayu Rahmawati', 'fan5@gmail.com', 'CAT 3-E-1-8', 'SEL-TQOH-MUH8-LMN4', NULL, 'Sheila On 7 — Live in Jakarta', 'CAT 3', 'active', NULL, NULL),
('tk000000-0000-0000-0000-000000000025', 't0000000-0000-0000-0000-000000000001', 'o0000000-0000-0000-0000-000000000025', 'tt000000-0000-0000-0000-000000000001', 'e0000000-0000-0000-0000-000000000001', 'SEL-R7SG-MSOX-LTA8', 'Irfan Hakim', 'fan10@gmail.com', 'VVIP-A-1-7', 'SEL-R7SG-MSOX-LTA8', NULL, 'Sheila On 7 — Live in Jakarta', 'VVIP', 'active', NULL, NULL),
('tk000000-0000-0000-0000-000000000026', 't0000000-0000-0000-0000-000000000001', 'o0000000-0000-0000-0000-000000000001', 'tt000000-0000-0000-0000-000000000006', 'e0000000-0000-0000-0000-000000000001', 'SEL-IRCD-9SI5-GAS4', 'Umi Kalsum', 'fan20@gmail.com', 'Festival', 'SEL-IRCD-9SI5-GAS4', NULL, 'Sheila On 7 — Live in Jakarta', 'Festival', 'active', NULL, NULL),
('tk000000-0000-0000-0000-000000000027', 't0000000-0000-0000-0000-000000000001', 'o0000000-0000-0000-0000-000000000002', 'tt000000-0000-0000-0000-000000000006', 'e0000000-0000-0000-0000-000000000001', 'SEL-42VL-DQ4H-EZ5E', 'Bayu Aji', 'fan6@gmail.com', 'Festival', 'SEL-42VL-DQ4H-EZ5E', NULL, 'Sheila On 7 — Live in Jakarta', 'Festival', 'active', NULL, NULL),
('tk000000-0000-0000-0000-000000000028', 't0000000-0000-0000-0000-000000000001', 'o0000000-0000-0000-0000-000000000003', 'tt000000-0000-0000-0000-000000000006', 'e0000000-0000-0000-0000-000000000001', 'SEL-DJJT-FPH9-0O7Y', 'Oscar Pratama', 'fan15@gmail.com', 'Festival', 'SEL-DJJT-FPH9-0O7Y', NULL, 'Sheila On 7 — Live in Jakarta', 'Festival', 'active', NULL, NULL),
('tk000000-0000-0000-0000-000000000029', 't0000000-0000-0000-0000-000000000001', 'o0000000-0000-0000-0000-000000000004', 'tt000000-0000-0000-0000-000000000005', 'e0000000-0000-0000-0000-000000000001', 'SEL-22T1-TDGN-NQFK', 'Ayu Rahmawati', 'fan5@gmail.com', 'CAT 3-E-1-9', 'SEL-22T1-TDGN-NQFK', NULL, 'Sheila On 7 — Live in Jakarta', 'CAT 3', 'active', NULL, NULL),
('tk000000-0000-0000-0000-000000000030', 't0000000-0000-0000-0000-000000000001', 'o0000000-0000-0000-0000-000000000005', 'tt000000-0000-0000-0000-000000000006', 'e0000000-0000-0000-0000-000000000001', 'SEL-PL9E-KA02-4SCO', 'Irfan Hakim', 'fan10@gmail.com', 'Festival', 'SEL-PL9E-KA02-4SCO', NULL, 'Sheila On 7 — Live in Jakarta', 'Festival', 'active', NULL, NULL);
-- PENDING tickets (3)
INSERT INTO tickets (id, tenant_id, order_id, ticket_type_id, event_id, ticket_code, attendee_name, attendee_email, seat_label, qr_data, wristband_code, event_title, ticket_type_name, status, redeemed_at, redeemed_by) VALUES
('tk000000-0000-0000-0000-000000000031', 't0000000-0000-0000-0000-000000000001', 'o0000000-0000-0000-0000-000000000026', 'tt000000-0000-0000-0000-000000000002', 'e0000000-0000-0000-0000-000000000001', 'SEL-SS3E-OQM1-H8OJ', 'Nadira Zahra', 'fan14@gmail.com', 'VIP-B-1-3', 'SEL-SS3E-OQM1-H8OJ', NULL, 'Sheila On 7 — Live in Jakarta', 'VIP', 'pending', NULL, NULL),
('tk000000-0000-0000-0000-000000000032', 't0000000-0000-0000-0000-000000000001', 'o0000000-0000-0000-0000-000000000027', 'tt000000-0000-0000-0000-000000000002', 'e0000000-0000-0000-0000-000000000001', 'SEL-RJED-KTS2-H3TZ', 'Putri Amalina', 'fan16@gmail.com', 'VIP-B-1-4', 'SEL-RJED-KTS2-H3TZ', NULL, 'Sheila On 7 — Live in Jakarta', 'VIP', 'pending', NULL, NULL),
('tk000000-0000-0000-0000-000000000033', 't0000000-0000-0000-0000-000000000001', 'o0000000-0000-0000-0000-000000000028', 'tt000000-0000-0000-0000-000000000004', 'e0000000-0000-0000-0000-000000000001', 'SEL-R685-2FC1-UQBF', 'Taufik Rizal', 'fan19@gmail.com', 'CAT 2-D-1-4', 'SEL-R685-2FC1-UQBF', NULL, 'Sheila On 7 — Live in Jakarta', 'CAT 2', 'pending', NULL, NULL);
-- REDEEMED tickets (10)
INSERT INTO tickets (id, tenant_id, order_id, ticket_type_id, event_id, ticket_code, attendee_name, attendee_email, seat_label, qr_data, wristband_code, event_title, ticket_type_name, status, redeemed_at, redeemed_by) VALUES
('tk000000-0000-0000-0000-000000000034', 't0000000-0000-0000-0000-000000000001', 'o0000000-0000-0000-0000-000000000009', 'tt000000-0000-0000-0000-000000000001', 'e0000000-0000-0000-0000-000000000001', 'SEL-OBRC-L472-RL15', 'Citra Dewi', 'fan7@gmail.com', 'VVIP-A-1-8', 'SEL-OBRC-L472-RL15', 'WB-F4W0', 'Sheila On 7 — Live in Jakarta', 'VVIP', 'redeemed', '2026-04-28 18:42:00+07', 'u0000000-0000-0000-0000-000000000011'),
('tk000000-0000-0000-0000-000000000035', 't0000000-0000-0000-0000-000000000001', 'o0000000-0000-0000-0000-000000000010', 'tt000000-0000-0000-0000-000000000002', 'e0000000-0000-0000-0000-000000000001', 'SEL-GKV0-5SZ9-C3FU', 'Mochammad Iqbal', 'fan13@gmail.com', 'VIP-B-1-5', 'SEL-GKV0-5SZ9-C3FU', 'WB-QUHZ', 'Sheila On 7 — Live in Jakarta', 'VIP', 'redeemed', '2026-04-28 16:42:00+07', 'u0000000-0000-0000-0000-000000000012'),
('tk000000-0000-0000-0000-000000000036', 't0000000-0000-0000-0000-000000000001', 'o0000000-0000-0000-0000-000000000011', 'tt000000-0000-0000-0000-000000000005', 'e0000000-0000-0000-0000-000000000001', 'SEL-830D-M7X5-2DNR', 'Sinta Dewi', 'fan18@gmail.com', 'CAT 3-E-1-10', 'SEL-830D-M7X5-2DNR', 'WB-9IS2', 'Sheila On 7 — Live in Jakarta', 'CAT 3', 'redeemed', '2026-04-28 19:07:00+07', 'u0000000-0000-0000-0000-000000000012'),
('tk000000-0000-0000-0000-000000000037', 't0000000-0000-0000-0000-000000000001', 'o0000000-0000-0000-0000-000000000012', 'tt000000-0000-0000-0000-000000000006', 'e0000000-0000-0000-0000-000000000001', 'SEL-BPKT-9A90-FOH3', 'Kemal Fauzi', 'fan11@gmail.com', 'Festival', 'SEL-BPKT-9A90-FOH3', 'WB-HJ5S', 'Sheila On 7 — Live in Jakarta', 'Festival', 'redeemed', '2026-04-28 18:26:00+07', 'u0000000-0000-0000-0000-000000000012'),
('tk000000-0000-0000-0000-000000000038', 't0000000-0000-0000-0000-000000000001', 'o0000000-0000-0000-0000-000000000013', 'tt000000-0000-0000-0000-000000000001', 'e0000000-0000-0000-0000-000000000001', 'SEL-44P3-9JYM-6IER', 'Raka Putra', 'fan2@gmail.com', 'VVIP-A-1-9', 'SEL-44P3-9JYM-6IER', 'WB-0V6R', 'Sheila On 7 — Live in Jakarta', 'VVIP', 'redeemed', '2026-04-28 18:46:00+07', 'u0000000-0000-0000-0000-000000000010'),
('tk000000-0000-0000-0000-000000000039', 't0000000-0000-0000-0000-000000000001', 'o0000000-0000-0000-0000-000000000014', 'tt000000-0000-0000-0000-000000000001', 'e0000000-0000-0000-0000-000000000001', 'SEL-T5J2-84WV-98Y3', 'Larasati Putri', 'fan12@gmail.com', 'VVIP-A-1-10', 'SEL-T5J2-84WV-98Y3', 'WB-UMPY', 'Sheila On 7 — Live in Jakarta', 'VVIP', 'redeemed', '2026-04-28 19:02:00+07', 'u0000000-0000-0000-0000-000000000010'),
('tk000000-0000-0000-0000-000000000040', 't0000000-0000-0000-0000-000000000001', 'o0000000-0000-0000-0000-000000000015', 'tt000000-0000-0000-0000-000000000005', 'e0000000-0000-0000-0000-000000000001', 'SEL-U4YY-J5CI-6VG2', 'Nisa Azkia', 'fan3@gmail.com', 'CAT 3-E-1-11', 'SEL-U4YY-J5CI-6VG2', 'WB-G73A', 'Sheila On 7 — Live in Jakarta', 'CAT 3', 'redeemed', '2026-04-28 17:26:00+07', 'u0000000-0000-0000-0000-000000000012'),
('tk000000-0000-0000-0000-000000000041', 't0000000-0000-0000-0000-000000000001', 'o0000000-0000-0000-0000-000000000016', 'tt000000-0000-0000-0000-000000000002', 'e0000000-0000-0000-0000-000000000001', 'SEL-JE4Q-VZFV-8YU5', 'Rahmat Hidayat', 'fan17@gmail.com', 'VIP-B-1-6', 'SEL-JE4Q-VZFV-8YU5', 'WB-8CEP', 'Sheila On 7 — Live in Jakarta', 'VIP', 'redeemed', '2026-04-28 18:14:00+07', 'u0000000-0000-0000-0000-000000000012'),
('tk000000-0000-0000-0000-000000000042', 't0000000-0000-0000-0000-000000000001', 'o0000000-0000-0000-0000-000000000017', 'tt000000-0000-0000-0000-000000000002', 'e0000000-0000-0000-0000-000000000001', 'SEL-F1GG-2KTB-CUDS', 'Gilang Ramadhan', 'fan8@gmail.com', 'VIP-B-1-7', 'SEL-F1GG-2KTB-CUDS', 'WB-WX1J', 'Sheila On 7 — Live in Jakarta', 'VIP', 'redeemed', '2026-04-28 19:36:00+07', 'u0000000-0000-0000-0000-000000000010'),
('tk000000-0000-0000-0000-000000000043', 't0000000-0000-0000-0000-000000000001', 'o0000000-0000-0000-0000-000000000018', 'tt000000-0000-0000-0000-000000000005', 'e0000000-0000-0000-0000-000000000001', 'SEL-LKLF-YP5J-O3Q3', 'Hana Safira', 'fan9@gmail.com', 'CAT 3-E-1-12', 'SEL-LKLF-YP5J-O3Q3', 'WB-QA3S', 'Sheila On 7 — Live in Jakarta', 'CAT 3', 'redeemed', '2026-04-28 17:04:00+07', 'u0000000-0000-0000-0000-000000000012');
-- INSIDE tickets (7)
INSERT INTO tickets (id, tenant_id, order_id, ticket_type_id, event_id, ticket_code, attendee_name, attendee_email, seat_label, qr_data, wristband_code, event_title, ticket_type_name, status, redeemed_at, redeemed_by) VALUES
('tk000000-0000-0000-0000-000000000044', 't0000000-0000-0000-0000-000000000001', 'o0000000-0000-0000-0000-000000000019', 'tt000000-0000-0000-0000-000000000002', 'e0000000-0000-0000-0000-000000000001', 'SEL-2WT1-Q3TM-Y4GP', 'Dian Pratama', 'fan1@gmail.com', 'VIP-B-1-8', 'SEL-2WT1-Q3TM-Y4GP', 'WB-YWSS', 'Sheila On 7 — Live in Jakarta', 'VIP', 'inside', '2026-04-28 19:17:00+07', 'u0000000-0000-0000-0000-000000000010'),
('tk000000-0000-0000-0000-000000000045', 't0000000-0000-0000-0000-000000000001', 'o0000000-0000-0000-0000-000000000020', 'tt000000-0000-0000-0000-000000000001', 'e0000000-0000-0000-0000-000000000001', 'SEL-AD5S-OWOM-QIGC', 'Fajar Nugroho', 'fan4@gmail.com', 'VVIP-A-1-11', 'SEL-AD5S-OWOM-QIGC', 'WB-T2CX', 'Sheila On 7 — Live in Jakarta', 'VVIP', 'inside', '2026-04-28 17:05:00+07', 'u0000000-0000-0000-0000-000000000012'),
('tk000000-0000-0000-0000-000000000046', 't0000000-0000-0000-0000-000000000001', 'o0000000-0000-0000-0000-000000000021', 'tt000000-0000-0000-0000-000000000005', 'e0000000-0000-0000-0000-000000000001', 'SEL-SU0L-MI8X-76RK', 'Umi Kalsum', 'fan20@gmail.com', 'CAT 3-E-1-13', 'SEL-SU0L-MI8X-76RK', 'WB-Q4SV', 'Sheila On 7 — Live in Jakarta', 'CAT 3', 'inside', '2026-04-28 19:04:00+07', 'u0000000-0000-0000-0000-000000000010'),
('tk000000-0000-0000-0000-000000000047', 't0000000-0000-0000-0000-000000000001', 'o0000000-0000-0000-0000-000000000022', 'tt000000-0000-0000-0000-000000000002', 'e0000000-0000-0000-0000-000000000001', 'SEL-JOZ9-XFZA-Q8H3', 'Bayu Aji', 'fan6@gmail.com', 'VIP-B-1-9', 'SEL-JOZ9-XFZA-Q8H3', 'WB-XQYX', 'Sheila On 7 — Live in Jakarta', 'VIP', 'inside', '2026-04-28 17:30:00+07', 'u0000000-0000-0000-0000-000000000010'),
('tk000000-0000-0000-0000-000000000048', 't0000000-0000-0000-0000-000000000001', 'o0000000-0000-0000-0000-000000000023', 'tt000000-0000-0000-0000-000000000001', 'e0000000-0000-0000-0000-000000000001', 'SEL-B9UO-E3T0-HICC', 'Oscar Pratama', 'fan15@gmail.com', 'VVIP-A-1-12', 'SEL-B9UO-E3T0-HICC', 'WB-T5HG', 'Sheila On 7 — Live in Jakarta', 'VVIP', 'inside', '2026-04-28 17:24:00+07', 'u0000000-0000-0000-0000-000000000010'),
('tk000000-0000-0000-0000-000000000049', 't0000000-0000-0000-0000-000000000001', 'o0000000-0000-0000-0000-000000000024', 'tt000000-0000-0000-0000-000000000005', 'e0000000-0000-0000-0000-000000000001', 'SEL-3X80-J0G5-0RCX', 'Ayu Rahmawati', 'fan5@gmail.com', 'CAT 3-E-1-14', 'SEL-3X80-J0G5-0RCX', 'WB-N22P', 'Sheila On 7 — Live in Jakarta', 'CAT 3', 'inside', '2026-04-28 16:43:00+07', 'u0000000-0000-0000-0000-000000000011'),
('tk000000-0000-0000-0000-000000000050', 't0000000-0000-0000-0000-000000000001', 'o0000000-0000-0000-0000-000000000025', 'tt000000-0000-0000-0000-000000000001', 'e0000000-0000-0000-0000-000000000001', 'SEL-X8WD-ZRMH-3FNB', 'Irfan Hakim', 'fan10@gmail.com', 'VVIP-A-1-13', 'SEL-X8WD-ZRMH-3FNB', 'WB-DVPI', 'Sheila On 7 — Live in Jakarta', 'VVIP', 'inside', '2026-04-28 17:04:00+07', 'u0000000-0000-0000-0000-000000000012');
-- OUTSIDE tickets (3)
INSERT INTO tickets (id, tenant_id, order_id, ticket_type_id, event_id, ticket_code, attendee_name, attendee_email, seat_label, qr_data, wristband_code, event_title, ticket_type_name, status, redeemed_at, redeemed_by) VALUES
('tk000000-0000-0000-0000-000000000051', 't0000000-0000-0000-0000-000000000001', 'o0000000-0000-0000-0000-000000000001', 'tt000000-0000-0000-0000-000000000006', 'e0000000-0000-0000-0000-000000000001', 'SEL-9NNO-VJAR-JI8Q', 'Umi Kalsum', 'fan20@gmail.com', 'Festival', 'SEL-9NNO-VJAR-JI8Q', 'WB-LHBI', 'Sheila On 7 — Live in Jakarta', 'Festival', 'outside', '2026-04-28 18:50:00+07', 'u0000000-0000-0000-0000-000000000010'),
('tk000000-0000-0000-0000-000000000052', 't0000000-0000-0000-0000-000000000001', 'o0000000-0000-0000-0000-000000000002', 'tt000000-0000-0000-0000-000000000006', 'e0000000-0000-0000-0000-000000000001', 'SEL-PUBL-QDI0-7HE4', 'Bayu Aji', 'fan6@gmail.com', 'Festival', 'SEL-PUBL-QDI0-7HE4', 'WB-2X6G', 'Sheila On 7 — Live in Jakarta', 'Festival', 'outside', '2026-04-28 17:39:00+07', 'u0000000-0000-0000-0000-000000000011'),
('tk000000-0000-0000-0000-000000000053', 't0000000-0000-0000-0000-000000000001', 'o0000000-0000-0000-0000-000000000003', 'tt000000-0000-0000-0000-000000000001', 'e0000000-0000-0000-0000-000000000001', 'SEL-C7T3-BD4Z-1G52', 'Oscar Pratama', 'fan15@gmail.com', 'VVIP-A-1-14', 'SEL-C7T3-BD4Z-1G52', 'WB-EFUJ', 'Sheila On 7 — Live in Jakarta', 'VVIP', 'outside', '2026-04-28 17:17:00+07', 'u0000000-0000-0000-0000-000000000010');
-- CANCELLED tickets (7)
INSERT INTO tickets (id, tenant_id, order_id, ticket_type_id, event_id, ticket_code, attendee_name, attendee_email, seat_label, qr_data, wristband_code, event_title, ticket_type_name, status, redeemed_at, redeemed_by) VALUES
('tk000000-0000-0000-0000-000000000054', 't0000000-0000-0000-0000-000000000001', 'o0000000-0000-0000-0000-000000000032', 'tt000000-0000-0000-0000-000000000001', 'e0000000-0000-0000-0000-000000000001', 'SEL-9UY7-S361-GH9N', 'Kemal Fauzi', 'fan11@gmail.com', 'VVIP-A-1-15', 'SEL-9UY7-S361-GH9N', NULL, 'Sheila On 7 — Live in Jakarta', 'VVIP', 'cancelled', NULL, NULL),
('tk000000-0000-0000-0000-000000000055', 't0000000-0000-0000-0000-000000000001', 'o0000000-0000-0000-0000-000000000033', 'tt000000-0000-0000-0000-000000000001', 'e0000000-0000-0000-0000-000000000001', 'SEL-12O0-V3Z0-GU1U', 'Raka Putra', 'fan2@gmail.com', 'VVIP-A-1-16', 'SEL-12O0-V3Z0-GU1U', NULL, 'Sheila On 7 — Live in Jakarta', 'VVIP', 'cancelled', NULL, NULL),
('tk000000-0000-0000-0000-000000000056', 't0000000-0000-0000-0000-000000000001', 'o0000000-0000-0000-0000-000000000034', 'tt000000-0000-0000-0000-000000000001', 'e0000000-0000-0000-0000-000000000001', 'SEL-QXJ4-EFFF-1GXI', 'Larasati Putri', 'fan12@gmail.com', 'VVIP-A-1-17', 'SEL-QXJ4-EFFF-1GXI', NULL, 'Sheila On 7 — Live in Jakarta', 'VVIP', 'cancelled', NULL, NULL),
('tk000000-0000-0000-0000-000000000057', 't0000000-0000-0000-0000-000000000001', 'o0000000-0000-0000-0000-000000000031', 'tt000000-0000-0000-0000-000000000006', 'e0000000-0000-0000-0000-000000000001', 'SEL-9D99-VH0W-1DST', 'Sinta Dewi', 'fan18@gmail.com', 'Festival', 'SEL-9D99-VH0W-1DST', NULL, 'Sheila On 7 — Live in Jakarta', 'Festival', 'cancelled', NULL, NULL),
('tk000000-0000-0000-0000-000000000058', 't0000000-0000-0000-0000-000000000001', 'o0000000-0000-0000-0000-000000000032', 'tt000000-0000-0000-0000-000000000001', 'e0000000-0000-0000-0000-000000000001', 'SEL-WG6N-J4OG-W9XH', 'Kemal Fauzi', 'fan11@gmail.com', 'VVIP-A-1-18', 'SEL-WG6N-J4OG-W9XH', NULL, 'Sheila On 7 — Live in Jakarta', 'VVIP', 'cancelled', NULL, NULL),
('tk000000-0000-0000-0000-000000000059', 't0000000-0000-0000-0000-000000000001', 'o0000000-0000-0000-0000-000000000033', 'tt000000-0000-0000-0000-000000000001', 'e0000000-0000-0000-0000-000000000001', 'SEL-RO19-9BRB-LRTV', 'Raka Putra', 'fan2@gmail.com', 'VVIP-A-1-19', 'SEL-RO19-9BRB-LRTV', NULL, 'Sheila On 7 — Live in Jakarta', 'VVIP', 'cancelled', NULL, NULL),
('tk000000-0000-0000-0000-000000000060', 't0000000-0000-0000-0000-000000000001', 'o0000000-0000-0000-0000-000000000034', 'tt000000-0000-0000-0000-000000000001', 'e0000000-0000-0000-0000-000000000001', 'SEL-WALJ-ZEJB-F7NY', 'Larasati Putri', 'fan12@gmail.com', 'VVIP-A-1-20', 'SEL-WALJ-ZEJB-F7NY', NULL, 'Sheila On 7 — Live in Jakarta', 'VVIP', 'cancelled', NULL, NULL);
-- EXPIRED tickets (7)
INSERT INTO tickets (id, tenant_id, order_id, ticket_type_id, event_id, ticket_code, attendee_name, attendee_email, seat_label, qr_data, wristband_code, event_title, ticket_type_name, status, redeemed_at, redeemed_by) VALUES
('tk000000-0000-0000-0000-000000000061', 't0000000-0000-0000-0000-000000000001', 'o0000000-0000-0000-0000-000000000029', 'tt000000-0000-0000-0000-000000000003', 'e0000000-0000-0000-0000-000000000001', 'SEL-03VK-XTUF-DJKD', 'Citra Dewi', 'fan7@gmail.com', 'CAT 1-C-1-6', 'SEL-03VK-XTUF-DJKD', NULL, 'Sheila On 7 — Live in Jakarta', 'CAT 1', 'expired', NULL, NULL),
('tk000000-0000-0000-0000-000000000062', 't0000000-0000-0000-0000-000000000001', 'o0000000-0000-0000-0000-000000000030', 'tt000000-0000-0000-0000-000000000006', 'e0000000-0000-0000-0000-000000000001', 'SEL-FR21-520R-N6HW', 'Mochammad Iqbal', 'fan13@gmail.com', 'Festival', 'SEL-FR21-520R-N6HW', NULL, 'Sheila On 7 — Live in Jakarta', 'Festival', 'expired', NULL, NULL),
('tk000000-0000-0000-0000-000000000063', 't0000000-0000-0000-0000-000000000001', 'o0000000-0000-0000-0000-000000000029', 'tt000000-0000-0000-0000-000000000003', 'e0000000-0000-0000-0000-000000000001', 'SEL-1HS5-7TCO-ZDAN', 'Citra Dewi', 'fan7@gmail.com', 'CAT 1-C-1-7', 'SEL-1HS5-7TCO-ZDAN', NULL, 'Sheila On 7 — Live in Jakarta', 'CAT 1', 'expired', NULL, NULL),
('tk000000-0000-0000-0000-000000000064', 't0000000-0000-0000-0000-000000000001', 'o0000000-0000-0000-0000-000000000030', 'tt000000-0000-0000-0000-000000000006', 'e0000000-0000-0000-0000-000000000001', 'SEL-TNIQ-SUHA-51LI', 'Mochammad Iqbal', 'fan13@gmail.com', 'Festival', 'SEL-TNIQ-SUHA-51LI', NULL, 'Sheila On 7 — Live in Jakarta', 'Festival', 'expired', NULL, NULL),
('tk000000-0000-0000-0000-000000000065', 't0000000-0000-0000-0000-000000000001', 'o0000000-0000-0000-0000-000000000029', 'tt000000-0000-0000-0000-000000000003', 'e0000000-0000-0000-0000-000000000001', 'SEL-Y8O6-9WEZ-C1B3', 'Citra Dewi', 'fan7@gmail.com', 'CAT 1-C-1-8', 'SEL-Y8O6-9WEZ-C1B3', NULL, 'Sheila On 7 — Live in Jakarta', 'CAT 1', 'expired', NULL, NULL),
('tk000000-0000-0000-0000-000000000066', 't0000000-0000-0000-0000-000000000001', 'o0000000-0000-0000-0000-000000000030', 'tt000000-0000-0000-0000-000000000006', 'e0000000-0000-0000-0000-000000000001', 'SEL-EU1Z-0SHZ-BUK3', 'Mochammad Iqbal', 'fan13@gmail.com', 'Festival', 'SEL-EU1Z-0SHZ-BUK3', NULL, 'Sheila On 7 — Live in Jakarta', 'Festival', 'expired', NULL, NULL),
('tk000000-0000-0000-0000-000000000067', 't0000000-0000-0000-0000-000000000001', 'o0000000-0000-0000-0000-000000000029', 'tt000000-0000-0000-0000-000000000003', 'e0000000-0000-0000-0000-000000000001', 'SEL-XF1G-P1Z7-FZTV', 'Citra Dewi', 'fan7@gmail.com', 'CAT 1-C-1-9', 'SEL-XF1G-P1Z7-FZTV', NULL, 'Sheila On 7 — Live in Jakarta', 'CAT 1', 'expired', NULL, NULL);

-- Event 2: Sheila On 7 Tour — Bandung
-- ACTIVE tickets (15)
INSERT INTO tickets (id, tenant_id, order_id, ticket_type_id, event_id, ticket_code, attendee_name, attendee_email, seat_label, qr_data, wristband_code, event_title, ticket_type_name, status, redeemed_at, redeemed_by) VALUES
('tk000000-0000-0000-0000-000000000068', 't0000000-0000-0000-0000-000000000001', 'o0000000-0000-0000-0000-000000000035', 'tt000000-0000-0000-0000-000000000010', 'e0000000-0000-0000-0000-000000000002', 'SEL-OVKE-6H76-MWWJ', 'Hana Safira', 'fan9@gmail.com', 'Festival', 'SEL-OVKE-6H76-MWWJ', NULL, 'Sheila On 7 Tour — Bandung', 'Festival', 'active', NULL, NULL),
('tk000000-0000-0000-0000-000000000069', 't0000000-0000-0000-0000-000000000001', 'o0000000-0000-0000-0000-000000000036', 'tt000000-0000-0000-0000-000000000009', 'e0000000-0000-0000-0000-000000000002', 'SEL-PGJQ-MLJE-L532', 'Dian Pratama', 'fan1@gmail.com', 'CAT 2-R-1-2', 'SEL-PGJQ-MLJE-L532', NULL, 'Sheila On 7 Tour — Bandung', 'CAT 2', 'active', NULL, NULL),
('tk000000-0000-0000-0000-000000000070', 't0000000-0000-0000-0000-000000000001', 'o0000000-0000-0000-0000-000000000037', 'tt000000-0000-0000-0000-000000000007', 'e0000000-0000-0000-0000-000000000002', 'SEL-UUJ2-E42T-RDW6', 'Gilang Ramadhan', 'fan8@gmail.com', 'Premium-P-1-2', 'SEL-UUJ2-E42T-RDW6', NULL, 'Sheila On 7 Tour — Bandung', 'Premium', 'active', NULL, NULL),
('tk000000-0000-0000-0000-000000000071', 't0000000-0000-0000-0000-000000000001', 'o0000000-0000-0000-0000-000000000038', 'tt000000-0000-0000-0000-000000000009', 'e0000000-0000-0000-0000-000000000002', 'SEL-ET32-CDXS-EF6Y', 'Irfan Hakim', 'fan10@gmail.com', 'CAT 2-R-1-3', 'SEL-ET32-CDXS-EF6Y', NULL, 'Sheila On 7 Tour — Bandung', 'CAT 2', 'active', NULL, NULL),
('tk000000-0000-0000-0000-000000000072', 't0000000-0000-0000-0000-000000000001', 'o0000000-0000-0000-0000-000000000039', 'tt000000-0000-0000-0000-000000000010', 'e0000000-0000-0000-0000-000000000002', 'SEL-39C2-MU46-JD2G', 'Sinta Dewi', 'fan18@gmail.com', 'Festival', 'SEL-39C2-MU46-JD2G', NULL, 'Sheila On 7 Tour — Bandung', 'Festival', 'active', NULL, NULL),
('tk000000-0000-0000-0000-000000000073', 't0000000-0000-0000-0000-000000000001', 'o0000000-0000-0000-0000-000000000040', 'tt000000-0000-0000-0000-000000000009', 'e0000000-0000-0000-0000-000000000002', 'SEL-VF6L-CP22-77KX', 'Larasati Putri', 'fan12@gmail.com', 'CAT 2-R-1-4', 'SEL-VF6L-CP22-77KX', NULL, 'Sheila On 7 Tour — Bandung', 'CAT 2', 'active', NULL, NULL),
('tk000000-0000-0000-0000-000000000074', 't0000000-0000-0000-0000-000000000001', 'o0000000-0000-0000-0000-000000000041', 'tt000000-0000-0000-0000-000000000008', 'e0000000-0000-0000-0000-000000000002', 'SEL-XSY0-VDVE-VG9Y', 'Umi Kalsum', 'fan20@gmail.com', 'CAT 1-Q-1-2', 'SEL-XSY0-VDVE-VG9Y', NULL, 'Sheila On 7 Tour — Bandung', 'CAT 1', 'active', NULL, NULL),
('tk000000-0000-0000-0000-000000000075', 't0000000-0000-0000-0000-000000000001', 'o0000000-0000-0000-0000-000000000042', 'tt000000-0000-0000-0000-000000000007', 'e0000000-0000-0000-0000-000000000002', 'SEL-SQJV-FJWT-ZIFT', 'Citra Dewi', 'fan7@gmail.com', 'Premium-P-1-3', 'SEL-SQJV-FJWT-ZIFT', NULL, 'Sheila On 7 Tour — Bandung', 'Premium', 'active', NULL, NULL),
('tk000000-0000-0000-0000-000000000076', 't0000000-0000-0000-0000-000000000001', 'o0000000-0000-0000-0000-000000000043', 'tt000000-0000-0000-0000-000000000008', 'e0000000-0000-0000-0000-000000000002', 'SEL-9YVI-7F16-XBXT', 'Rahmat Hidayat', 'fan17@gmail.com', 'CAT 1-Q-1-3', 'SEL-9YVI-7F16-XBXT', NULL, 'Sheila On 7 Tour — Bandung', 'CAT 1', 'active', NULL, NULL),
('tk000000-0000-0000-0000-000000000077', 't0000000-0000-0000-0000-000000000001', 'o0000000-0000-0000-0000-000000000044', 'tt000000-0000-0000-0000-000000000010', 'e0000000-0000-0000-0000-000000000002', 'SEL-LNV5-MOIJ-ESG6', 'Mochammad Iqbal', 'fan13@gmail.com', 'Festival', 'SEL-LNV5-MOIJ-ESG6', NULL, 'Sheila On 7 Tour — Bandung', 'Festival', 'active', NULL, NULL),
('tk000000-0000-0000-0000-000000000078', 't0000000-0000-0000-0000-000000000001', 'o0000000-0000-0000-0000-000000000035', 'tt000000-0000-0000-0000-000000000010', 'e0000000-0000-0000-0000-000000000002', 'SEL-87CV-IYJK-LK2C', 'Hana Safira', 'fan9@gmail.com', 'Festival', 'SEL-87CV-IYJK-LK2C', NULL, 'Sheila On 7 Tour — Bandung', 'Festival', 'active', NULL, NULL),
('tk000000-0000-0000-0000-000000000079', 't0000000-0000-0000-0000-000000000001', 'o0000000-0000-0000-0000-000000000036', 'tt000000-0000-0000-0000-000000000009', 'e0000000-0000-0000-0000-000000000002', 'SEL-0XP2-S2O8-PT4M', 'Dian Pratama', 'fan1@gmail.com', 'CAT 2-R-1-5', 'SEL-0XP2-S2O8-PT4M', NULL, 'Sheila On 7 Tour — Bandung', 'CAT 2', 'active', NULL, NULL),
('tk000000-0000-0000-0000-000000000080', 't0000000-0000-0000-0000-000000000001', 'o0000000-0000-0000-0000-000000000037', 'tt000000-0000-0000-0000-000000000007', 'e0000000-0000-0000-0000-000000000002', 'SEL-X23S-Y670-KMIQ', 'Gilang Ramadhan', 'fan8@gmail.com', 'Premium-P-1-4', 'SEL-X23S-Y670-KMIQ', NULL, 'Sheila On 7 Tour — Bandung', 'Premium', 'active', NULL, NULL),
('tk000000-0000-0000-0000-000000000081', 't0000000-0000-0000-0000-000000000001', 'o0000000-0000-0000-0000-000000000038', 'tt000000-0000-0000-0000-000000000009', 'e0000000-0000-0000-0000-000000000002', 'SEL-D4X9-G7HS-FKR2', 'Irfan Hakim', 'fan10@gmail.com', 'CAT 2-R-1-6', 'SEL-D4X9-G7HS-FKR2', NULL, 'Sheila On 7 Tour — Bandung', 'CAT 2', 'active', NULL, NULL),
('tk000000-0000-0000-0000-000000000082', 't0000000-0000-0000-0000-000000000001', 'o0000000-0000-0000-0000-000000000039', 'tt000000-0000-0000-0000-000000000010', 'e0000000-0000-0000-0000-000000000002', 'SEL-6J1F-O2WB-0DZ6', 'Sinta Dewi', 'fan18@gmail.com', 'Festival', 'SEL-6J1F-O2WB-0DZ6', NULL, 'Sheila On 7 Tour — Bandung', 'Festival', 'active', NULL, NULL);
-- PENDING tickets (2)
INSERT INTO tickets (id, tenant_id, order_id, ticket_type_id, event_id, ticket_code, attendee_name, attendee_email, seat_label, qr_data, wristband_code, event_title, ticket_type_name, status, redeemed_at, redeemed_by) VALUES
('tk000000-0000-0000-0000-000000000083', 't0000000-0000-0000-0000-000000000001', 'o0000000-0000-0000-0000-000000000046', 'tt000000-0000-0000-0000-000000000008', 'e0000000-0000-0000-0000-000000000002', 'SEL-XPYF-XOBU-GVJI', 'Putri Amalina', 'fan16@gmail.com', 'CAT 1-Q-1-4', 'SEL-XPYF-XOBU-GVJI', NULL, 'Sheila On 7 Tour — Bandung', 'CAT 1', 'pending', NULL, NULL),
('tk000000-0000-0000-0000-000000000084', 't0000000-0000-0000-0000-000000000001', 'o0000000-0000-0000-0000-000000000045', 'tt000000-0000-0000-0000-000000000009', 'e0000000-0000-0000-0000-000000000002', 'SEL-CS4I-42AF-BQNJ', 'Bayu Aji', 'fan6@gmail.com', 'CAT 2-R-1-7', 'SEL-CS4I-42AF-BQNJ', NULL, 'Sheila On 7 Tour — Bandung', 'CAT 2', 'pending', NULL, NULL);
-- REDEEMED tickets (5)
INSERT INTO tickets (id, tenant_id, order_id, ticket_type_id, event_id, ticket_code, attendee_name, attendee_email, seat_label, qr_data, wristband_code, event_title, ticket_type_name, status, redeemed_at, redeemed_by) VALUES
('tk000000-0000-0000-0000-000000000085', 't0000000-0000-0000-0000-000000000001', 'o0000000-0000-0000-0000-000000000042', 'tt000000-0000-0000-0000-000000000007', 'e0000000-0000-0000-0000-000000000002', 'SEL-971H-SPTH-DP03', 'Citra Dewi', 'fan7@gmail.com', 'Premium-P-1-5', 'SEL-971H-SPTH-DP03', 'WB-EH58', 'Sheila On 7 Tour — Bandung', 'Premium', 'redeemed', '2026-04-28 17:45:00+07', 'u0000000-0000-0000-0000-000000000010'),
('tk000000-0000-0000-0000-000000000086', 't0000000-0000-0000-0000-000000000001', 'o0000000-0000-0000-0000-000000000043', 'tt000000-0000-0000-0000-000000000008', 'e0000000-0000-0000-0000-000000000002', 'SEL-JS1A-WP0L-F7XE', 'Rahmat Hidayat', 'fan17@gmail.com', 'CAT 1-Q-1-5', 'SEL-JS1A-WP0L-F7XE', 'WB-7866', 'Sheila On 7 Tour — Bandung', 'CAT 1', 'redeemed', '2026-04-28 16:24:00+07', 'u0000000-0000-0000-0000-000000000012'),
('tk000000-0000-0000-0000-000000000087', 't0000000-0000-0000-0000-000000000001', 'o0000000-0000-0000-0000-000000000044', 'tt000000-0000-0000-0000-000000000010', 'e0000000-0000-0000-0000-000000000002', 'SEL-4CYX-QBWE-WPGV', 'Mochammad Iqbal', 'fan13@gmail.com', 'Festival', 'SEL-4CYX-QBWE-WPGV', 'WB-ICW8', 'Sheila On 7 Tour — Bandung', 'Festival', 'redeemed', '2026-04-28 17:53:00+07', 'u0000000-0000-0000-0000-000000000011'),
('tk000000-0000-0000-0000-000000000088', 't0000000-0000-0000-0000-000000000001', 'o0000000-0000-0000-0000-000000000035', 'tt000000-0000-0000-0000-000000000010', 'e0000000-0000-0000-0000-000000000002', 'SEL-34LI-E3CS-MCMC', 'Hana Safira', 'fan9@gmail.com', 'Festival', 'SEL-34LI-E3CS-MCMC', 'WB-UT6Z', 'Sheila On 7 Tour — Bandung', 'Festival', 'redeemed', '2026-04-28 19:16:00+07', 'u0000000-0000-0000-0000-000000000012'),
('tk000000-0000-0000-0000-000000000089', 't0000000-0000-0000-0000-000000000001', 'o0000000-0000-0000-0000-000000000036', 'tt000000-0000-0000-0000-000000000009', 'e0000000-0000-0000-0000-000000000002', 'SEL-CMSW-DVRH-X1Z2', 'Dian Pratama', 'fan1@gmail.com', 'CAT 2-R-1-8', 'SEL-CMSW-DVRH-X1Z2', 'WB-YVL5', 'Sheila On 7 Tour — Bandung', 'CAT 2', 'redeemed', '2026-04-28 19:23:00+07', 'u0000000-0000-0000-0000-000000000012');
-- INSIDE tickets (3)
INSERT INTO tickets (id, tenant_id, order_id, ticket_type_id, event_id, ticket_code, attendee_name, attendee_email, seat_label, qr_data, wristband_code, event_title, ticket_type_name, status, redeemed_at, redeemed_by) VALUES
('tk000000-0000-0000-0000-000000000090', 't0000000-0000-0000-0000-000000000001', 'o0000000-0000-0000-0000-000000000037', 'tt000000-0000-0000-0000-000000000007', 'e0000000-0000-0000-0000-000000000002', 'SEL-7RF1-F1L8-SUGF', 'Gilang Ramadhan', 'fan8@gmail.com', 'Premium-P-1-6', 'SEL-7RF1-F1L8-SUGF', 'WB-UST2', 'Sheila On 7 Tour — Bandung', 'Premium', 'inside', '2026-04-28 19:10:00+07', 'u0000000-0000-0000-0000-000000000012'),
('tk000000-0000-0000-0000-000000000091', 't0000000-0000-0000-0000-000000000001', 'o0000000-0000-0000-0000-000000000038', 'tt000000-0000-0000-0000-000000000009', 'e0000000-0000-0000-0000-000000000002', 'SEL-2W2C-W1RD-EZX6', 'Irfan Hakim', 'fan10@gmail.com', 'CAT 2-R-1-9', 'SEL-2W2C-W1RD-EZX6', 'WB-KBJ2', 'Sheila On 7 Tour — Bandung', 'CAT 2', 'inside', '2026-04-28 17:04:00+07', 'u0000000-0000-0000-0000-000000000010'),
('tk000000-0000-0000-0000-000000000092', 't0000000-0000-0000-0000-000000000001', 'o0000000-0000-0000-0000-000000000039', 'tt000000-0000-0000-0000-000000000010', 'e0000000-0000-0000-0000-000000000002', 'SEL-PXXY-CJ2X-X2EI', 'Sinta Dewi', 'fan18@gmail.com', 'Festival', 'SEL-PXXY-CJ2X-X2EI', 'WB-7XZU', 'Sheila On 7 Tour — Bandung', 'Festival', 'inside', '2026-04-28 18:15:00+07', 'u0000000-0000-0000-0000-000000000012');
-- OUTSIDE tickets (2)
INSERT INTO tickets (id, tenant_id, order_id, ticket_type_id, event_id, ticket_code, attendee_name, attendee_email, seat_label, qr_data, wristband_code, event_title, ticket_type_name, status, redeemed_at, redeemed_by) VALUES
('tk000000-0000-0000-0000-000000000093', 't0000000-0000-0000-0000-000000000001', 'o0000000-0000-0000-0000-000000000040', 'tt000000-0000-0000-0000-000000000009', 'e0000000-0000-0000-0000-000000000002', 'SEL-HBL5-7Y9H-QQ2N', 'Larasati Putri', 'fan12@gmail.com', 'CAT 2-R-1-10', 'SEL-HBL5-7Y9H-QQ2N', 'WB-S5MH', 'Sheila On 7 Tour — Bandung', 'CAT 2', 'outside', '2026-04-28 16:28:00+07', 'u0000000-0000-0000-0000-000000000010'),
('tk000000-0000-0000-0000-000000000094', 't0000000-0000-0000-0000-000000000001', 'o0000000-0000-0000-0000-000000000041', 'tt000000-0000-0000-0000-000000000008', 'e0000000-0000-0000-0000-000000000002', 'SEL-L2FU-WE98-STKL', 'Umi Kalsum', 'fan20@gmail.com', 'CAT 1-Q-1-6', 'SEL-L2FU-WE98-STKL', 'WB-X6OH', 'Sheila On 7 Tour — Bandung', 'CAT 1', 'outside', '2026-04-28 17:15:00+07', 'u0000000-0000-0000-0000-000000000010');
-- CANCELLED tickets (3)
INSERT INTO tickets (id, tenant_id, order_id, ticket_type_id, event_id, ticket_code, attendee_name, attendee_email, seat_label, qr_data, wristband_code, event_title, ticket_type_name, status, redeemed_at, redeemed_by) VALUES
('tk000000-0000-0000-0000-000000000095', 't0000000-0000-0000-0000-000000000001', 'o0000000-0000-0000-0000-000000000048', 'tt000000-0000-0000-0000-000000000010', 'e0000000-0000-0000-0000-000000000002', 'SEL-5BX9-X39I-FETZ', 'Ayu Rahmawati', 'fan5@gmail.com', 'Festival', 'SEL-5BX9-X39I-FETZ', NULL, 'Sheila On 7 Tour — Bandung', 'Festival', 'cancelled', NULL, NULL),
('tk000000-0000-0000-0000-000000000096', 't0000000-0000-0000-0000-000000000001', 'o0000000-0000-0000-0000-000000000049', 'tt000000-0000-0000-0000-000000000007', 'e0000000-0000-0000-0000-000000000002', 'SEL-4700-EIUE-237W', 'Oscar Pratama', 'fan15@gmail.com', 'Premium-P-1-7', 'SEL-4700-EIUE-237W', NULL, 'Sheila On 7 Tour — Bandung', 'Premium', 'cancelled', NULL, NULL),
('tk000000-0000-0000-0000-000000000097', 't0000000-0000-0000-0000-000000000001', 'o0000000-0000-0000-0000-000000000050', 'tt000000-0000-0000-0000-000000000009', 'e0000000-0000-0000-0000-000000000002', 'SEL-I9LI-16DH-7JTK', 'Kemal Fauzi', 'fan11@gmail.com', 'CAT 2-R-1-11', 'SEL-I9LI-16DH-7JTK', NULL, 'Sheila On 7 Tour — Bandung', 'CAT 2', 'cancelled', NULL, NULL);
-- EXPIRED tickets (3)
INSERT INTO tickets (id, tenant_id, order_id, ticket_type_id, event_id, ticket_code, attendee_name, attendee_email, seat_label, qr_data, wristband_code, event_title, ticket_type_name, status, redeemed_at, redeemed_by) VALUES
('tk000000-0000-0000-0000-000000000098', 't0000000-0000-0000-0000-000000000001', 'o0000000-0000-0000-0000-000000000047', 'tt000000-0000-0000-0000-000000000009', 'e0000000-0000-0000-0000-000000000002', 'SEL-KUOW-7SFQ-M9RI', 'Fajar Nugroho', 'fan4@gmail.com', 'CAT 2-R-1-12', 'SEL-KUOW-7SFQ-M9RI', NULL, 'Sheila On 7 Tour — Bandung', 'CAT 2', 'expired', NULL, NULL),
('tk000000-0000-0000-0000-000000000099', 't0000000-0000-0000-0000-000000000001', 'o0000000-0000-0000-0000-000000000047', 'tt000000-0000-0000-0000-000000000007', 'e0000000-0000-0000-0000-000000000002', 'SEL-T8F6-KJKV-CBFC', 'Fajar Nugroho', 'fan4@gmail.com', 'Premium-P-1-8', 'SEL-T8F6-KJKV-CBFC', NULL, 'Sheila On 7 Tour — Bandung', 'Premium', 'expired', NULL, NULL),
('tk000000-0000-0000-0000-000000000100', 't0000000-0000-0000-0000-000000000001', 'o0000000-0000-0000-0000-000000000047', 'tt000000-0000-0000-0000-000000000009', 'e0000000-0000-0000-0000-000000000002', 'SEL-QN0B-58ST-4PZT', 'Fajar Nugroho', 'fan4@gmail.com', 'CAT 2-R-1-13', 'SEL-QN0B-58ST-4PZT', NULL, 'Sheila On 7 Tour — Bandung', 'CAT 2', 'expired', NULL, NULL);

-- ============================================================================
-- 16. REDEMPTIONS
-- ============================================================================

INSERT INTO redemptions (tenant_id, ticket_id, counter_id, staff_id, wristband_code, wristband_color, wristband_type, notes, redeemed_at) VALUES
('t0000000-0000-0000-0000-000000000001', 'tk000000-0000-0000-0000-000000000034', 'c0000000-0000-0000-0000-000000000002', 'u0000000-0000-0000-0000-000000000011', 'WB-F4W0', 'Gold', 'VVIP', NULL, '2026-04-28 18:42:00+07'),
('t0000000-0000-0000-0000-000000000001', 'tk000000-0000-0000-0000-000000000035', 'c0000000-0000-0000-0000-000000000001', 'u0000000-0000-0000-0000-000000000012', 'WB-QUHZ', 'Silver', 'VIP', NULL, '2026-04-28 16:42:00+07'),
('t0000000-0000-0000-0000-000000000001', 'tk000000-0000-0000-0000-000000000036', 'c0000000-0000-0000-0000-000000000003', 'u0000000-0000-0000-0000-000000000012', 'WB-9IS2', 'Orange', 'CAT 3', NULL, '2026-04-28 19:07:00+07'),
('t0000000-0000-0000-0000-000000000001', 'tk000000-0000-0000-0000-000000000037', 'c0000000-0000-0000-0000-000000000001', 'u0000000-0000-0000-0000-000000000012', 'WB-HJ5S', 'Red', 'Festival', NULL, '2026-04-28 18:26:00+07'),
('t0000000-0000-0000-0000-000000000001', 'tk000000-0000-0000-0000-000000000038', 'c0000000-0000-0000-0000-000000000001', 'u0000000-0000-0000-0000-000000000010', 'WB-0V6R', 'Gold', 'VVIP', NULL, '2026-04-28 18:46:00+07'),
('t0000000-0000-0000-0000-000000000001', 'tk000000-0000-0000-0000-000000000039', 'c0000000-0000-0000-0000-000000000002', 'u0000000-0000-0000-0000-000000000010', 'WB-UMPY', 'Gold', 'VVIP', NULL, '2026-04-28 19:02:00+07'),
('t0000000-0000-0000-0000-000000000001', 'tk000000-0000-0000-0000-000000000040', 'c0000000-0000-0000-0000-000000000002', 'u0000000-0000-0000-0000-000000000012', 'WB-G73A', 'Orange', 'CAT 3', NULL, '2026-04-28 17:26:00+07'),
('t0000000-0000-0000-0000-000000000001', 'tk000000-0000-0000-0000-000000000041', 'c0000000-0000-0000-0000-000000000002', 'u0000000-0000-0000-0000-000000000012', 'WB-8CEP', 'Silver', 'VIP', NULL, '2026-04-28 18:14:00+07'),
('t0000000-0000-0000-0000-000000000001', 'tk000000-0000-0000-0000-000000000042', 'c0000000-0000-0000-0000-000000000002', 'u0000000-0000-0000-0000-000000000010', 'WB-WX1J', 'Silver', 'VIP', NULL, '2026-04-28 19:36:00+07'),
('t0000000-0000-0000-0000-000000000001', 'tk000000-0000-0000-0000-000000000043', 'c0000000-0000-0000-0000-000000000001', 'u0000000-0000-0000-0000-000000000012', 'WB-QA3S', 'Orange', 'CAT 3', NULL, '2026-04-28 17:04:00+07'),
('t0000000-0000-0000-0000-000000000001', 'tk000000-0000-0000-0000-000000000044', 'c0000000-0000-0000-0000-000000000002', 'u0000000-0000-0000-0000-000000000010', 'WB-YWSS', 'Silver', 'VIP', NULL, '2026-04-28 19:17:00+07'),
('t0000000-0000-0000-0000-000000000001', 'tk000000-0000-0000-0000-000000000045', 'c0000000-0000-0000-0000-000000000003', 'u0000000-0000-0000-0000-000000000012', 'WB-T2CX', 'Gold', 'VVIP', NULL, '2026-04-28 17:05:00+07'),
('t0000000-0000-0000-0000-000000000001', 'tk000000-0000-0000-0000-000000000046', 'c0000000-0000-0000-0000-000000000001', 'u0000000-0000-0000-0000-000000000010', 'WB-Q4SV', 'Orange', 'CAT 3', NULL, '2026-04-28 19:04:00+07'),
('t0000000-0000-0000-0000-000000000001', 'tk000000-0000-0000-0000-000000000047', 'c0000000-0000-0000-0000-000000000002', 'u0000000-0000-0000-0000-000000000010', 'WB-XQYX', 'Silver', 'VIP', NULL, '2026-04-28 17:30:00+07'),
('t0000000-0000-0000-0000-000000000001', 'tk000000-0000-0000-0000-000000000048', 'c0000000-0000-0000-0000-000000000003', 'u0000000-0000-0000-0000-000000000010', 'WB-T5HG', 'Gold', 'VVIP', NULL, '2026-04-28 17:24:00+07');

('t0000000-0000-0000-0000-000000000001', 'tk000000-0000-0000-0000-000000000049', 'c0000000-0000-0000-0000-000000000002', 'u0000000-0000-0000-0000-000000000011', 'WB-N22P', 'Orange', 'CAT 3', NULL, '2026-04-28 16:43:00+07'),
('t0000000-0000-0000-0000-000000000001', 'tk000000-0000-0000-0000-000000000050', 'c0000000-0000-0000-0000-000000000003', 'u0000000-0000-0000-0000-000000000012', 'WB-DVPI', 'Gold', 'VVIP', NULL, '2026-04-28 17:04:00+07'),
('t0000000-0000-0000-0000-000000000001', 'tk000000-0000-0000-0000-000000000051', 'c0000000-0000-0000-0000-000000000002', 'u0000000-0000-0000-0000-000000000010', 'WB-LHBI', 'Red', 'Festival', NULL, '2026-04-28 18:50:00+07'),
('t0000000-0000-0000-0000-000000000001', 'tk000000-0000-0000-0000-000000000052', 'c0000000-0000-0000-0000-000000000002', 'u0000000-0000-0000-0000-000000000011', 'WB-2X6G', 'Red', 'Festival', NULL, '2026-04-28 17:39:00+07'),
('t0000000-0000-0000-0000-000000000001', 'tk000000-0000-0000-0000-000000000053', 'c0000000-0000-0000-0000-000000000001', 'u0000000-0000-0000-0000-000000000010', 'WB-EFUJ', 'Gold', 'VVIP', NULL, '2026-04-28 17:17:00+07'),
('t0000000-0000-0000-0000-000000000001', 'tk000000-0000-0000-0000-000000000085', 'c0000000-0000-0000-0000-000000000005', 'u0000000-0000-0000-0000-000000000010', 'WB-EH58', 'Purple', 'Premium', NULL, '2026-04-28 17:45:00+07'),
('t0000000-0000-0000-0000-000000000001', 'tk000000-0000-0000-0000-000000000086', 'c0000000-0000-0000-0000-000000000004', 'u0000000-0000-0000-0000-000000000012', 'WB-7866', 'Teal', 'CAT 1', NULL, '2026-04-28 16:24:00+07'),
('t0000000-0000-0000-0000-000000000001', 'tk000000-0000-0000-0000-000000000087', 'c0000000-0000-0000-0000-000000000005', 'u0000000-0000-0000-0000-000000000011', 'WB-ICW8', 'Pink', 'Festival', NULL, '2026-04-28 17:53:00+07'),
('t0000000-0000-0000-0000-000000000001', 'tk000000-0000-0000-0000-000000000088', 'c0000000-0000-0000-0000-000000000004', 'u0000000-0000-0000-0000-000000000012', 'WB-UT6Z', 'Pink', 'Festival', NULL, '2026-04-28 19:16:00+07'),
('t0000000-0000-0000-0000-000000000001', 'tk000000-0000-0000-0000-000000000089', 'c0000000-0000-0000-0000-000000000005', 'u0000000-0000-0000-0000-000000000012', 'WB-YVL5', 'Yellow', 'CAT 2', NULL, '2026-04-28 19:23:00+07'),
('t0000000-0000-0000-0000-000000000001', 'tk000000-0000-0000-0000-000000000090', 'c0000000-0000-0000-0000-000000000004', 'u0000000-0000-0000-0000-000000000012', 'WB-UST2', 'Purple', 'Premium', NULL, '2026-04-28 19:10:00+07'),
('t0000000-0000-0000-0000-000000000001', 'tk000000-0000-0000-0000-000000000091', 'c0000000-0000-0000-0000-000000000005', 'u0000000-0000-0000-0000-000000000010', 'WB-KBJ2', 'Yellow', 'CAT 2', NULL, '2026-04-28 17:04:00+07'),
('t0000000-0000-0000-0000-000000000001', 'tk000000-0000-0000-0000-000000000092', 'c0000000-0000-0000-0000-000000000005', 'u0000000-0000-0000-0000-000000000012', 'WB-7XZU', 'Pink', 'Festival', NULL, '2026-04-28 18:15:00+07'),
('t0000000-0000-0000-0000-000000000001', 'tk000000-0000-0000-0000-000000000093', 'c0000000-0000-0000-0000-000000000004', 'u0000000-0000-0000-0000-000000000010', 'WB-S5MH', 'Yellow', 'CAT 2', NULL, '2026-04-28 16:28:00+07'),
('t0000000-0000-0000-0000-000000000001', 'tk000000-0000-0000-0000-000000000094', 'c0000000-0000-0000-0000-000000000004', 'u0000000-0000-0000-0000-000000000010', 'WB-X6OH', 'Teal', 'CAT 1', NULL, '2026-04-28 17:15:00+07');

-- ============================================================================
-- 17. GATE LOGS
-- ============================================================================

INSERT INTO gate_logs (id, tenant_id, ticket_id, gate_id, staff_id, event_id, action, notes, scanned_at) VALUES
(gen_random_uuid(), 't0000000-0000-0000-0000-000000000001', 'tk000000-0000-0000-0000-000000000044', 'g0000000-0000-0000-0000-000000000001', 'u0000000-0000-0000-0000-000000000020', 'e0000000-0000-0000-0000-000000000001', 'entry', 'Wristband verified - VIP', '2026-04-28 19:24:00+07'),
(gen_random_uuid(), 't0000000-0000-0000-0000-000000000001', 'tk000000-0000-0000-0000-000000000045', 'g0000000-0000-0000-0000-000000000004', 'u0000000-0000-0000-0000-000000000021', 'e0000000-0000-0000-0000-000000000001', 'entry', 'Wristband verified - VVIP', '2026-04-28 18:52:00+07'),
(gen_random_uuid(), 't0000000-0000-0000-0000-000000000001', 'tk000000-0000-0000-0000-000000000046', 'g0000000-0000-0000-0000-000000000003', 'u0000000-0000-0000-0000-000000000022', 'e0000000-0000-0000-0000-000000000001', 'entry', 'Wristband verified - CAT 3', '2026-04-28 18:48:00+07'),
(gen_random_uuid(), 't0000000-0000-0000-0000-000000000001', 'tk000000-0000-0000-0000-000000000047', 'g0000000-0000-0000-0000-000000000002', 'u0000000-0000-0000-0000-000000000023', 'e0000000-0000-0000-0000-000000000001', 'entry', 'Wristband verified - VIP', '2026-04-28 21:29:00+07'),
(gen_random_uuid(), 't0000000-0000-0000-0000-000000000001', 'tk000000-0000-0000-0000-000000000048', 'g0000000-0000-0000-0000-000000000004', 'u0000000-0000-0000-0000-000000000022', 'e0000000-0000-0000-0000-000000000001', 'entry', 'Wristband verified - VVIP', '2026-04-28 20:01:00+07'),
(gen_random_uuid(), 't0000000-0000-0000-0000-000000000001', 'tk000000-0000-0000-0000-000000000049', 'g0000000-0000-0000-0000-000000000001', 'u0000000-0000-0000-0000-000000000023', 'e0000000-0000-0000-0000-000000000001', 'entry', 'Wristband verified - CAT 3', '2026-04-28 21:29:00+07'),
(gen_random_uuid(), 't0000000-0000-0000-0000-000000000001', 'tk000000-0000-0000-0000-000000000050', 'g0000000-0000-0000-0000-000000000002', 'u0000000-0000-0000-0000-000000000021', 'e0000000-0000-0000-0000-000000000001', 'entry', 'Wristband verified - VVIP', '2026-04-28 21:22:00+07'),
(gen_random_uuid(), 't0000000-0000-0000-0000-000000000001', 'tk000000-0000-0000-0000-000000000051', 'g0000000-0000-0000-0000-000000000001', 'u0000000-0000-0000-0000-000000000022', 'e0000000-0000-0000-0000-000000000001', 'entry', 'Entry scan - Festival', '2026-04-28 20:38:00+07'),
(gen_random_uuid(), 't0000000-0000-0000-0000-000000000001', 'tk000000-0000-0000-0000-000000000051', 'g0000000-0000-0000-0000-000000000003', 'u0000000-0000-0000-0000-000000000022', 'e0000000-0000-0000-0000-000000000001', 'exit', 'Exit scan - Festival', '2026-04-28 21:18:00+07'),
(gen_random_uuid(), 't0000000-0000-0000-0000-000000000001', 'tk000000-0000-0000-0000-000000000052', 'g0000000-0000-0000-0000-000000000001', 'u0000000-0000-0000-0000-000000000023', 'e0000000-0000-0000-0000-000000000001', 'entry', 'Entry scan - Festival', '2026-04-28 18:56:00+07'),
(gen_random_uuid(), 't0000000-0000-0000-0000-000000000001', 'tk000000-0000-0000-0000-000000000052', 'g0000000-0000-0000-0000-000000000003', 'u0000000-0000-0000-0000-000000000023', 'e0000000-0000-0000-0000-000000000001', 'exit', 'Exit scan - Festival', '2026-04-28 19:46:00+07'),
(gen_random_uuid(), 't0000000-0000-0000-0000-000000000001', 'tk000000-0000-0000-0000-000000000053', 'g0000000-0000-0000-0000-000000000003', 'u0000000-0000-0000-0000-000000000022', 'e0000000-0000-0000-0000-000000000001', 'entry', 'Entry scan - VVIP', '2026-04-28 17:25:00+07'),
(gen_random_uuid(), 't0000000-0000-0000-0000-000000000001', 'tk000000-0000-0000-0000-000000000053', 'g0000000-0000-0000-0000-000000000004', 'u0000000-0000-0000-0000-000000000022', 'e0000000-0000-0000-0000-000000000001', 'exit', 'Exit scan - VVIP', '2026-04-28 17:36:00+07'),
(gen_random_uuid(), 't0000000-0000-0000-0000-000000000001', 'tk000000-0000-0000-0000-000000000001', 'g0000000-0000-0000-0000-000000000002', 'u0000000-0000-0000-0000-000000000022', 'e0000000-0000-0000-0000-000000000001', 'entry', 'Entry scan - Festival', '2026-04-28 21:18:00+07'),
(gen_random_uuid(), 't0000000-0000-0000-0000-000000000001', 'tk000000-0000-0000-0000-000000000002', 'g0000000-0000-0000-0000-000000000001', 'u0000000-0000-0000-0000-000000000023', 'e0000000-0000-0000-0000-000000000001', 'entry', 'Entry scan - Festival', '2026-04-28 21:28:00+07');

(gen_random_uuid(), 't0000000-0000-0000-0000-000000000001', 'tk000000-0000-0000-0000-000000000003', 'g0000000-0000-0000-0000-000000000003', 'u0000000-0000-0000-0000-000000000020', 'e0000000-0000-0000-0000-000000000001', 'entry', 'Entry scan - VVIP', '2026-04-28 18:06:00+07'),
(gen_random_uuid(), 't0000000-0000-0000-0000-000000000001', 'tk000000-0000-0000-0000-000000000004', 'g0000000-0000-0000-0000-000000000004', 'u0000000-0000-0000-0000-000000000022', 'e0000000-0000-0000-0000-000000000001', 'entry', 'Entry scan - VVIP', '2026-04-28 19:35:00+07'),
(gen_random_uuid(), 't0000000-0000-0000-0000-000000000001', 'tk000000-0000-0000-0000-000000000005', 'g0000000-0000-0000-0000-000000000003', 'u0000000-0000-0000-0000-000000000021', 'e0000000-0000-0000-0000-000000000001', 'entry', 'Entry scan - Festival', '2026-04-28 18:38:00+07'),
(gen_random_uuid(), 't0000000-0000-0000-0000-000000000001', 'tk000000-0000-0000-0000-000000000006', 'g0000000-0000-0000-0000-000000000004', 'u0000000-0000-0000-0000-000000000020', 'e0000000-0000-0000-0000-000000000001', 'entry', 'Entry scan - CAT 1', '2026-04-28 17:02:00+07'),
(gen_random_uuid(), 't0000000-0000-0000-0000-000000000001', 'tk000000-0000-0000-0000-000000000007', 'g0000000-0000-0000-0000-000000000002', 'u0000000-0000-0000-0000-000000000022', 'e0000000-0000-0000-0000-000000000001', 'entry', 'Entry scan - CAT 3', '2026-04-28 20:33:00+07'),
(gen_random_uuid(), 't0000000-0000-0000-0000-000000000001', 'tk000000-0000-0000-0000-000000000008', 'g0000000-0000-0000-0000-000000000004', 'u0000000-0000-0000-0000-000000000021', 'e0000000-0000-0000-0000-000000000001', 'entry', 'Entry scan - Festival', '2026-04-28 21:57:00+07'),
(gen_random_uuid(), 't0000000-0000-0000-0000-000000000001', 'tk000000-0000-0000-0000-000000000009', 'g0000000-0000-0000-0000-000000000002', 'u0000000-0000-0000-0000-000000000022', 'e0000000-0000-0000-0000-000000000001', 'entry', 'Entry scan - CAT 1', '2026-04-28 21:20:00+07'),
(gen_random_uuid(), 't0000000-0000-0000-0000-000000000001', 'tk000000-0000-0000-0000-000000000010', 'g0000000-0000-0000-0000-000000000002', 'u0000000-0000-0000-0000-000000000023', 'e0000000-0000-0000-0000-000000000001', 'entry', 'Entry scan - CAT 1', '2026-04-28 21:47:00+07'),
(gen_random_uuid(), 't0000000-0000-0000-0000-000000000001', 'tk000000-0000-0000-0000-000000000020', 'g0000000-0000-0000-0000-000000000005', 'u0000000-0000-0000-0000-000000000022', 'e0000000-0000-0000-0000-000000000001', 'exit', 'Exit scan - VVIP', '2026-04-28 22:45:00+07'),
(gen_random_uuid(), 't0000000-0000-0000-0000-000000000001', 'tk000000-0000-0000-0000-000000000040', 'g0000000-0000-0000-0000-000000000004', 'u0000000-0000-0000-0000-000000000023', 'e0000000-0000-0000-0000-000000000001', 'exit', 'Exit scan - CAT 3', '2026-04-28 19:23:00+07'),
(gen_random_uuid(), 't0000000-0000-0000-0000-000000000001', 'tk000000-0000-0000-0000-000000000022', 'g0000000-0000-0000-0000-000000000005', 'u0000000-0000-0000-0000-000000000020', 'e0000000-0000-0000-0000-000000000001', 'exit', 'Exit scan - CAT 2', '2026-04-28 22:37:00+07'),
(gen_random_uuid(), 't0000000-0000-0000-0000-000000000001', 'tk000000-0000-0000-0000-000000000020', 'g0000000-0000-0000-0000-000000000005', 'u0000000-0000-0000-0000-000000000020', 'e0000000-0000-0000-0000-000000000001', 'exit', 'Exit scan - VVIP', '2026-04-28 22:16:00+07'),
(gen_random_uuid(), 't0000000-0000-0000-0000-000000000001', 'tk000000-0000-0000-0000-000000000041', 'g0000000-0000-0000-0000-000000000005', 'u0000000-0000-0000-0000-000000000021', 'e0000000-0000-0000-0000-000000000001', 'exit', 'Exit scan - VIP', '2026-04-28 19:37:00+07'),
(gen_random_uuid(), 't0000000-0000-0000-0000-000000000001', 'tk000000-0000-0000-0000-000000000062', 'g0000000-0000-0000-0000-000000000002', 'u0000000-0000-0000-0000-000000000023', 'e0000000-0000-0000-0000-000000000001', 'denied', 'Invalid ticket - Festival', '2026-04-28 18:52:00+07'),
(gen_random_uuid(), 't0000000-0000-0000-0000-000000000001', 'tk000000-0000-0000-0000-000000000032', 'g0000000-0000-0000-0000-000000000001', 'u0000000-0000-0000-0000-000000000020', 'e0000000-0000-0000-0000-000000000001', 'denied', 'Invalid ticket - VIP', '2026-04-28 18:01:00+07');

(gen_random_uuid(), 't0000000-0000-0000-0000-000000000001', 'tk000000-0000-0000-0000-000000000057', 'g0000000-0000-0000-0000-000000000003', 'u0000000-0000-0000-0000-000000000023', 'e0000000-0000-0000-0000-000000000001', 'denied', 'Invalid ticket - Festival', '2026-04-28 18:26:00+07'),
(gen_random_uuid(), 't0000000-0000-0000-0000-000000000001', 'tk000000-0000-0000-0000-000000000027', 'g0000000-0000-0000-0000-000000000004', 'u0000000-0000-0000-0000-000000000023', 'e0000000-0000-0000-0000-000000000001', 'denied', 'Invalid ticket - Festival', '2026-04-28 17:45:00+07'),
(gen_random_uuid(), 't0000000-0000-0000-0000-000000000001', 'tk000000-0000-0000-0000-000000000018', 'g0000000-0000-0000-0000-000000000005', 'u0000000-0000-0000-0000-000000000021', 'e0000000-0000-0000-0000-000000000001', 'denied', 'Invalid ticket - CAT 3', '2026-04-28 21:20:00+07'),
(gen_random_uuid(), 't0000000-0000-0000-0000-000000000001', 'tk000000-0000-0000-0000-000000000062', 'g0000000-0000-0000-0000-000000000005', 'u0000000-0000-0000-0000-000000000023', 'e0000000-0000-0000-0000-000000000001', 'error', 'Scanner malfunction', '2026-04-28 19:11:00+07'),
(gen_random_uuid(), 't0000000-0000-0000-0000-000000000001', 'tk000000-0000-0000-0000-000000000059', 'g0000000-0000-0000-0000-000000000005', 'u0000000-0000-0000-0000-000000000022', 'e0000000-0000-0000-0000-000000000001', 'error', 'Scanner malfunction', '2026-04-28 21:22:00+07'),
(gen_random_uuid(), 't0000000-0000-0000-0000-000000000001', 'tk000000-0000-0000-0000-000000000090', 'g0000000-0000-0000-0000-000000000007', 'u0000000-0000-0000-0000-000000000023', 'e0000000-0000-0000-0000-000000000002', 'entry', 'Wristband verified - Premium', '2026-04-28 18:15:00+07'),
(gen_random_uuid(), 't0000000-0000-0000-0000-000000000001', 'tk000000-0000-0000-0000-000000000091', 'g0000000-0000-0000-0000-000000000007', 'u0000000-0000-0000-0000-000000000022', 'e0000000-0000-0000-0000-000000000002', 'entry', 'Wristband verified - CAT 2', '2026-04-28 18:19:00+07'),
(gen_random_uuid(), 't0000000-0000-0000-0000-000000000001', 'tk000000-0000-0000-0000-000000000092', 'g0000000-0000-0000-0000-000000000007', 'u0000000-0000-0000-0000-000000000021', 'e0000000-0000-0000-0000-000000000002', 'entry', 'Wristband verified - Festival', '2026-04-28 20:20:00+07'),
(gen_random_uuid(), 't0000000-0000-0000-0000-000000000001', 'tk000000-0000-0000-0000-000000000093', 'g0000000-0000-0000-0000-000000000007', 'u0000000-0000-0000-0000-000000000022', 'e0000000-0000-0000-0000-000000000002', 'entry', 'Entry scan - CAT 2', '2026-04-28 19:07:00+07'),
(gen_random_uuid(), 't0000000-0000-0000-0000-000000000001', 'tk000000-0000-0000-0000-000000000093', 'g0000000-0000-0000-0000-000000000008', 'u0000000-0000-0000-0000-000000000022', 'e0000000-0000-0000-0000-000000000002', 'exit', 'Exit scan - CAT 2', '2026-04-28 20:57:00+07'),
(gen_random_uuid(), 't0000000-0000-0000-0000-000000000001', 'tk000000-0000-0000-0000-000000000094', 'g0000000-0000-0000-0000-000000000007', 'u0000000-0000-0000-0000-000000000021', 'e0000000-0000-0000-0000-000000000002', 'entry', 'Entry scan - CAT 1', '2026-04-28 19:02:00+07'),
(gen_random_uuid(), 't0000000-0000-0000-0000-000000000001', 'tk000000-0000-0000-0000-000000000094', 'g0000000-0000-0000-0000-000000000008', 'u0000000-0000-0000-0000-000000000021', 'e0000000-0000-0000-0000-000000000002', 'exit', 'Exit scan - CAT 1', '2026-04-28 20:45:00+07'),
(gen_random_uuid(), 't0000000-0000-0000-0000-000000000001', 'tk000000-0000-0000-0000-000000000068', 'g0000000-0000-0000-0000-000000000006', 'u0000000-0000-0000-0000-000000000022', 'e0000000-0000-0000-0000-000000000002', 'entry', 'Entry scan - Festival', '2026-04-28 20:41:00+07'),
(gen_random_uuid(), 't0000000-0000-0000-0000-000000000001', 'tk000000-0000-0000-0000-000000000069', 'g0000000-0000-0000-0000-000000000007', 'u0000000-0000-0000-0000-000000000023', 'e0000000-0000-0000-0000-000000000002', 'entry', 'Entry scan - CAT 2', '2026-04-28 18:12:00+07'),
(gen_random_uuid(), 't0000000-0000-0000-0000-000000000001', 'tk000000-0000-0000-0000-000000000070', 'g0000000-0000-0000-0000-000000000007', 'u0000000-0000-0000-0000-000000000022', 'e0000000-0000-0000-0000-000000000002', 'entry', 'Entry scan - Premium', '2026-04-28 18:06:00+07');

(gen_random_uuid(), 't0000000-0000-0000-0000-000000000001', 'tk000000-0000-0000-0000-000000000089', 'g0000000-0000-0000-0000-000000000007', 'u0000000-0000-0000-0000-000000000021', 'e0000000-0000-0000-0000-000000000002', 'exit', 'Exit scan - CAT 2', '2026-04-28 19:42:00+07'),
(gen_random_uuid(), 't0000000-0000-0000-0000-000000000001', 'tk000000-0000-0000-0000-000000000086', 'g0000000-0000-0000-0000-000000000007', 'u0000000-0000-0000-0000-000000000021', 'e0000000-0000-0000-0000-000000000002', 'exit', 'Exit scan - CAT 1', '2026-04-28 19:06:00+07'),
(gen_random_uuid(), 't0000000-0000-0000-0000-000000000001', 'tk000000-0000-0000-0000-000000000094', 'g0000000-0000-0000-0000-000000000007', 'u0000000-0000-0000-0000-000000000023', 'e0000000-0000-0000-0000-000000000002', 'denied', 'Invalid ticket - CAT 1', '2026-04-28 17:43:00+07'),
(gen_random_uuid(), 't0000000-0000-0000-0000-000000000001', 'tk000000-0000-0000-0000-000000000076', 'g0000000-0000-0000-0000-000000000006', 'u0000000-0000-0000-0000-000000000021', 'e0000000-0000-0000-0000-000000000002', 'denied', 'Invalid ticket - CAT 1', '2026-04-28 20:41:00+07'),
(gen_random_uuid(), 't0000000-0000-0000-0000-000000000001', 'tk000000-0000-0000-0000-000000000098', 'g0000000-0000-0000-0000-000000000007', 'u0000000-0000-0000-0000-000000000021', 'e0000000-0000-0000-0000-000000000002', 'error', 'Scanner malfunction', '2026-04-28 19:20:00+07');

-- ============================================================================
-- 18. AUDIT LOGS
-- ============================================================================

INSERT INTO audit_logs (id, tenant_id, user_id, action, module, details, ip, created_at) VALUES
(gen_random_uuid(), 't0000000-0000-0000-0000-000000000001', 'u0000000-0000-0000-0000-000000000001', 'LOGIN', 'auth', 'User u001 logged in from 192.168.1.10', '192.168.5.186', '2026-04-20 16:39:00+07'),
(gen_random_uuid(), 't0000000-0000-0000-0000-000000000001', 'u0000000-0000-0000-0000-000000000002', 'LOGIN', 'auth', 'User u002 logged in from 192.168.1.20', '192.168.1.191', '2026-04-20 14:26:00+07'),
(gen_random_uuid(), 't0000000-0000-0000-0000-000000000001', 'u0000000-0000-0000-0000-000000000003', 'LOGIN', 'auth', 'User u003 logged in from 192.168.1.30', '192.168.1.109', '2026-04-23 17:14:00+07'),
(gen_random_uuid(), 't0000000-0000-0000-0000-000000000001', 'u0000000-0000-0000-0000-000000000001', 'LOGIN', 'auth', 'User u010 logged in from 10.0.0.5', '192.168.9.16', '2026-04-25 19:14:00+07'),
(gen_random_uuid(), 't0000000-0000-0000-0000-000000000001', 'u0000000-0000-0000-0000-000000000002', 'LOGIN', 'auth', 'User u020 logged in from 10.0.0.15', '192.168.5.105', '2026-04-21 15:12:00+07'),
(gen_random_uuid(), 't0000000-0000-0000-0000-000000000001', 'u0000000-0000-0000-0000-000000000003', 'CANCEL_TICKET', 'tickets', 'Ticket tk005 cancelled by admin u001', '192.168.7.96', '2026-04-22 20:18:00+07'),
(gen_random_uuid(), 't0000000-0000-0000-0000-000000000001', 'u0000000-0000-0000-0000-000000000001', 'CANCEL_TICKET', 'tickets', 'Ticket tk012 cancelled by admin u001', '192.168.7.21', '2026-04-26 15:34:00+07'),
(gen_random_uuid(), 't0000000-0000-0000-0000-000000000001', 'u0000000-0000-0000-0000-000000000002', 'CANCEL_TICKET', 'tickets', 'Ticket tk023 cancelled by organizer u002', '192.168.6.31', '2026-04-28 10:51:00+07'),
(gen_random_uuid(), 't0000000-0000-0000-0000-000000000001', 'u0000000-0000-0000-0000-000000000003', 'CREATE_EVENT', 'events', 'Event e001 created by u002', '192.168.9.33', '2026-04-22 16:35:00+07'),
(gen_random_uuid(), 't0000000-0000-0000-0000-000000000001', 'u0000000-0000-0000-0000-000000000001', 'CREATE_EVENT', 'events', 'Event e002 created by u002', '192.168.1.251', '2026-04-23 08:58:00+07'),
(gen_random_uuid(), 't0000000-0000-0000-0000-000000000001', 'u0000000-0000-0000-0000-000000000002', 'UPDATE_SETTINGS', 'settings', 'Tenant settings updated by u001', '192.168.9.109', '2026-04-24 15:53:00+07'),
(gen_random_uuid(), 't0000000-0000-0000-0000-000000000001', 'u0000000-0000-0000-0000-000000000003', 'UPDATE_SETTINGS', 'settings', 'Fee percentage updated by u001', '192.168.4.118', '2026-04-28 14:24:00+07'),
(gen_random_uuid(), 't0000000-0000-0000-0000-000000000001', 'u0000000-0000-0000-0000-000000000001', 'EXPIRE_TICKETS', 'tickets', '7 tickets expired by system (user u001)', '192.168.4.240', '2026-04-25 10:27:00+07'),
(gen_random_uuid(), 't0000000-0000-0000-0000-000000000001', 'u0000000-0000-0000-0000-000000000002', 'EXPIRE_TICKETS', 'tickets', '3 tickets expired by system (user u001)', '192.168.7.158', '2026-04-21 08:52:00+07'),
(gen_random_uuid(), 't0000000-0000-0000-0000-000000000001', 'u0000000-0000-0000-0000-000000000003', 'REFUND_ORDER', 'orders', 'Order o015 refunded by admin u001', '192.168.2.26', '2026-04-20 11:23:00+07');

-- ============================================================================
-- 19. NOTIFICATIONS
-- ============================================================================

INSERT INTO notifications (id, tenant_id, user_id, event_id, title, message, type, category, is_read) VALUES
(gen_random_uuid(), 't0000000-0000-0000-0000-000000000001', 'u0000000-0000-0000-0000-000000000101', 'e0000000-0000-0000-0000-000000000001', 'Tiket Anda Sudah Aktif', 'Tiket Anda sudah aktif. Jangan lupa tukar dengan wristband di counter!', 'info', 'order', true),
(gen_random_uuid(), 't0000000-0000-0000-0000-000000000001', 'u0000000-0000-0000-0000-000000000105', 'e0000000-0000-0000-0000-000000000002', 'Pembayaran Berhasil!', 'Pembayaran Anda telah dikonfirmasi. Tiket sudah aktif.', 'success', 'payment', true),
(gen_random_uuid(), 't0000000-0000-0000-0000-000000000001', 'u0000000-0000-0000-0000-000000000112', 'e0000000-0000-0000-0000-000000000002', 'Wristband Tersedia', 'Tiket Anda sudah bisa ditukar dengan wristband di counter.', 'info', 'redemption', true),
(gen_random_uuid(), 't0000000-0000-0000-0000-000000000001', 'u0000000-0000-0000-0000-000000000109', 'e0000000-0000-0000-0000-000000000001', 'Anda Telah Keluar', 'Anda telah keluar dari venue. Terima kasih telah hadir!', 'info', 'gate', true),
(gen_random_uuid(), 't0000000-0000-0000-0000-000000000001', 'u0000000-0000-0000-0000-000000000118', 'e0000000-0000-0000-0000-000000000001', 'Update Aplikasi', 'Versi terbaru aplikasi sudah tersedia. Silakan update.', 'info', 'system', false),
(gen_random_uuid(), 't0000000-0000-0000-0000-000000000001', 'u0000000-0000-0000-0000-000000000114', 'e0000000-0000-0000-0000-000000000002', 'Tiket Anda Sudah Aktif', 'Tiket Anda sudah aktif. Jangan lupa tukar dengan wristband di counter!', 'info', 'order', true),
(gen_random_uuid(), 't0000000-0000-0000-0000-000000000001', 'u0000000-0000-0000-0000-000000000108', 'e0000000-0000-0000-0000-000000000001', 'Refund Diproses', 'Pengembalian dana Anda sedang diproses.', 'info', 'payment', true),
(gen_random_uuid(), 't0000000-0000-0000-0000-000000000001', 'u0000000-0000-0000-0000-000000000105', 'e0000000-0000-0000-0000-000000000002', 'Wristband Berhasil Ditukar', 'Wristband Anda telah berhasil ditukar. Selamat menikmati!', 'success', 'redemption', false),
(gen_random_uuid(), 't0000000-0000-0000-0000-000000000001', 'u0000000-0000-0000-0000-000000000105', 'e0000000-0000-0000-0000-000000000001', 'Anda Telah Keluar', 'Anda telah keluar dari venue. Terima kasih telah hadir!', 'info', 'gate', false),
(gen_random_uuid(), 't0000000-0000-0000-0000-000000000001', 'u0000000-0000-0000-0000-000000000118', 'e0000000-0000-0000-0000-000000000001', 'Update Aplikasi', 'Versi terbaru aplikasi sudah tersedia. Silakan update.', 'info', 'system', true),
(gen_random_uuid(), 't0000000-0000-0000-0000-000000000001', 'u0000000-0000-0000-0000-000000000112', 'e0000000-0000-0000-0000-000000000002', 'Pesanan Dibatalkan', 'Pesanan Anda telah dibatalkan.', 'error', 'order', false),
(gen_random_uuid(), 't0000000-0000-0000-0000-000000000001', 'u0000000-0000-0000-0000-000000000112', 'e0000000-0000-0000-0000-000000000001', 'Pembayaran Berhasil!', 'Pembayaran Anda telah dikonfirmasi. Tiket sudah aktif.', 'success', 'payment', true),
(gen_random_uuid(), 't0000000-0000-0000-0000-000000000001', 'u0000000-0000-0000-0000-000000000115', 'e0000000-0000-0000-0000-000000000002', 'Wristband Tersedia', 'Tiket Anda sudah bisa ditukar dengan wristband di counter.', 'info', 'redemption', true),
(gen_random_uuid(), 't0000000-0000-0000-0000-000000000001', 'u0000000-0000-0000-0000-000000000108', 'e0000000-0000-0000-0000-000000000002', 'Selamat Datang!', 'Anda telah memasuki venue. Selamat menikmati konser!', 'success', 'gate', true),
(gen_random_uuid(), 't0000000-0000-0000-0000-000000000001', 'u0000000-0000-0000-0000-000000000108', 'e0000000-0000-0000-0000-000000000002', 'Update Aplikasi', 'Versi terbaru aplikasi sudah tersedia. Silakan update.', 'info', 'system', false);

(gen_random_uuid(), 't0000000-0000-0000-0000-000000000001', 'u0000000-0000-0000-0000-000000000118', 'e0000000-0000-0000-0000-000000000001', 'Pesanan Dibatalkan', 'Pesanan Anda telah dibatalkan.', 'error', 'order', false),
(gen_random_uuid(), 't0000000-0000-0000-0000-000000000001', 'u0000000-0000-0000-0000-000000000107', 'e0000000-0000-0000-0000-000000000001', 'Pembayaran Gagal', 'Pembayaran Anda gagal diproses. Silakan coba lagi.', 'error', 'payment', true),
(gen_random_uuid(), 't0000000-0000-0000-0000-000000000001', 'u0000000-0000-0000-0000-000000000109', 'e0000000-0000-0000-0000-000000000001', 'Wristband Berhasil Ditukar', 'Wristband Anda telah berhasil ditukar. Selamat menikmati!', 'success', 'redemption', false),
(gen_random_uuid(), 't0000000-0000-0000-0000-000000000001', 'u0000000-0000-0000-0000-000000000116', 'e0000000-0000-0000-0000-000000000002', 'Anda Telah Keluar', 'Anda telah keluar dari venue. Terima kasih telah hadir!', 'info', 'gate', true),
(gen_random_uuid(), 't0000000-0000-0000-0000-000000000001', 'u0000000-0000-0000-0000-000000000109', 'e0000000-0000-0000-0000-000000000002', 'Selamat Datang di SeleEvent!', 'Akun Anda telah berhasil dibuat. Mulai jelajahi event!', 'success', 'system', true),
(gen_random_uuid(), 't0000000-0000-0000-0000-000000000001', 'u0000000-0000-0000-0000-000000000104', 'e0000000-0000-0000-0000-000000000002', 'Pesanan Berhasil Dibuat', 'Pesanan Anda telah berhasil dibuat. Silakan lakukan pembayaran.', 'success', 'order', true),
(gen_random_uuid(), 't0000000-0000-0000-0000-000000000001', 'u0000000-0000-0000-0000-000000000119', 'e0000000-0000-0000-0000-000000000002', 'Refund Diproses', 'Pengembalian dana Anda sedang diproses.', 'info', 'payment', false),
(gen_random_uuid(), 't0000000-0000-0000-0000-000000000001', 'u0000000-0000-0000-0000-000000000117', 'e0000000-0000-0000-0000-000000000001', 'Wristband Berhasil Ditukar', 'Wristband Anda telah berhasil ditukar. Selamat menikmati!', 'success', 'redemption', true),
(gen_random_uuid(), 't0000000-0000-0000-0000-000000000001', 'u0000000-0000-0000-0000-000000000119', 'e0000000-0000-0000-0000-000000000001', 'Anda Telah Keluar', 'Anda telah keluar dari venue. Terima kasih telah hadir!', 'info', 'gate', false),
(gen_random_uuid(), 't0000000-0000-0000-0000-000000000001', 'u0000000-0000-0000-0000-000000000111', 'e0000000-0000-0000-0000-000000000001', 'Selamat Datang di SeleEvent!', 'Akun Anda telah berhasil dibuat. Mulai jelajahi event!', 'success', 'system', true),
(gen_random_uuid(), 't0000000-0000-0000-0000-000000000001', 'u0000000-0000-0000-0000-000000000117', 'e0000000-0000-0000-0000-000000000001', 'Pesanan Berhasil Dibuat', 'Pesanan Anda telah berhasil dibuat. Silakan lakukan pembayaran.', 'success', 'order', true),
(gen_random_uuid(), 't0000000-0000-0000-0000-000000000001', 'u0000000-0000-0000-0000-000000000110', 'e0000000-0000-0000-0000-000000000002', 'Menunggu Pembayaran', 'Pesanan Anda sedang menunggu pembayaran. Selesaikan dalam 30 menit!', 'warning', 'payment', true),
(gen_random_uuid(), 't0000000-0000-0000-0000-000000000001', 'u0000000-0000-0000-0000-000000000118', 'e0000000-0000-0000-0000-000000000002', 'Wristband Tersedia', 'Tiket Anda sudah bisa ditukar dengan wristband di counter.', 'info', 'redemption', true),
(gen_random_uuid(), 't0000000-0000-0000-0000-000000000001', 'u0000000-0000-0000-0000-000000000114', 'e0000000-0000-0000-0000-000000000001', 'Anda Telah Keluar', 'Anda telah keluar dari venue. Terima kasih telah hadir!', 'info', 'gate', false),
(gen_random_uuid(), 't0000000-0000-0000-0000-000000000001', 'u0000000-0000-0000-0000-000000000116', 'e0000000-0000-0000-0000-000000000002', 'Pemeliharaan Sistem', 'Sistem akan mengalami pemeliharaan pada pukul 02:00 WIB.', 'warning', 'system', false);

-- ============================================================================
-- SEED DATA SUMMARY
-- ============================================================================
--   1 Tenant (SeleEvent)
--   1 Subscription (trial)
--   30 Users
--   3 TenantUsers
--   2 Events
--   10 Ticket Types
--   Seats (generate_series)
--   5 Counters
--   8 Gates
--   5 Counter Staff assignments
--   7 Gate Staff assignments
--   10 Wristband Inventory records
--   50 Orders
--   74 Order Items
--   100 Tickets
--   30 Redemptions
--   50 Gate Logs
--   15 Audit Logs
--   30 Notifications
-- ============================================================================